A1,A2,A3,A4,A5,A6,A7,A8,A9,A10,A11,A12,A13,A14,A15,A16
b,30.0,85.71929535868057,?,p,cc,h,0.9471691917057596,t,f,60.38473651812715,t,p,53.424842292282534,17.232790234072503,+
b,45.0,4.83958819457656,?,p,i,v,0.5952001809054377,f,f,43.73832424929898,f,p,30.126339785336253,82.02194416838712,+
b,,14.851742425711745,y,?,d,v,0.6578839353365314,t,t,82.30955802956336,f,s,28.496826573724565,33.52166848260083,-
a,45.0,41.39676984840541,l,?,i,v,0.06391132094914109,f,t,92.38272063646527,f,g,38.96559147031825,9.546267869982838,-
a,,48.33920666821264,u,gg,?,bb,0.16599446067512524,t,f,63.91447381231457,t,g,0.06394608605349017,78.49991744235835,-
a,60.0,26.350715352085686,u,gg,d,v,0.30095227641158817,f,f,82.07824491729039,t,p,46.66608817201735,45.458350557520944,-
?,60.0,35.647667084778746,y,g,?,v,0.5393793180281431,f,f,5.900333399910029,t,p,48.65666836079383,49.24107867153719,-
b,30.0,16.277610102536876,y,gg,c,h,0.7765908959833212,t,f,90.61117514466575,t,p,86.31309158390641,18.636938881617127,+
?,30.0,48.913403171590716,l,gg,d,v,0.321240877788587,t,t,18.89250668391246,f,p,44.85256078824824,66.08950539389278,+
a,60.0,79.38432928678613,y,p,i,v,0.35638243047877394,t,f,25.652042732580792,f,g,36.35562938676728,55.124131812261766,-
b,45.0,66.13603936613057,y,p,c,?,0.25615088517374884,f,t,5.333006820674624,t,s,99.47470513624633,20.66729377890758,+
a,45.0,10.779224736554127,l,p,?,bb,0.2546093292953059,f,t,96.5400116974059,t,g,57.12133246024963,34.03315084392068,+
b,45.0,48.758160339671605,l,p,?,?,0.9488638458947966,f,t,85.20108494883763,f,s,47.26132086341395,59.6879287336172,+
b,60.0,69.7646382779725,?,p,i,h,0.63545717961889,f,f,91.31846040910838,f,p,49.59358345483794,92.48722554334101,+
?,,52.98952965539412,y,g,c,bb,0.15590124353994683,t,t,84.7216167760015,f,p,80.91812975088051,92.03763503214917,+
?,30.0,39.167559653554896,u,g,cc,bb,0.7222485780842599,t,f,47.953055272128886,f,s,34.06763689701609,28.7905904397483,-
a,,62.19144212838782,y,g,i,?,0.722021143360029,t,t,92.40819340907635,f,p,38.91604626859456,73.56209777598849,-
?,60.0,96.86386653002755,u,p,?,bb,0.666470196053705,t,f,96.94728204271883,f,g,75.58733593374653,77.55190805238095,+
?,,9.4907909766078,u,?,d,?,0.1347204450906636,f,t,50.25669767893975,f,p,7.298373961376948,80.88230999827948,+
?,45.0,39.00160607475607,u,p,c,v,0.4079914834695869,f,t,17.562478132883818,t,p,86.51691581432587,57.07622847514801,-
b,45.0,40.66058530460956,?,p,cc,?,0.10675633049441313,t,f,65.86225089630943,t,p,43.02026964679699,1.05079980995878,-
?,,57.6967310468371,l,g,d,bb,0.8166205040921365,f,f,97.54382898535707,f,p,58.12929755056484,76.16762854462486,-
a,60.0,15.21746018819179,l,p,c,bb,0.6551721431779193,t,t,87.2146859858875,t,g,75.74761592598351,10.659744982935004,-
b,,17.664302987046952,?,g,i,h,0.5072039367678184,f,t,86.18151761459075,f,s,26.605192243934482,11.687138622040184,+
b,45.0,28.536138599785467,l,p,i,h,0.3430154765005966,f,f,93.3818016807282,t,p,89.03142083206511,60.56248026461527,-
?,45.0,95.58700432685195,?,gg,c,h,0.1842494744944334,f,t,89.39522605525471,f,p,97.92249722566108,98.35205210253017,-
b,60.0,73.41085812309026,y,?,cc,h,0.1064475888331079,f,f,77.62816640182929,t,g,49.42743614061246,24.253947326579983,+
a,,66.16933016915031,?,?,c,bb,0.9692406075368996,f,f,71.82728321618272,f,g,93.69373650326733,64.58108800512076,-
a,45.0,81.69576873942623,l,g,d,h,0.19964864195602305,f,t,26.476717374475434,t,g,0.11286225269827588,30.3653645737601,-
b,45.0,12.757646891669294,l,gg,d,?,0.05987462672138566,t,f,62.13400214284492,t,p,89.42378296355284,89.87261136105296,-
?,,85.93328197237517,y,?,i,v,0.9616667721824964,f,t,52.14886217058895,f,s,31.104531975130556,59.35168921138641,-
?,,59.4832713887504,?,g,c,bb,0.5489517413578271,t,f,86.19440915809912,f,g,31.149542472760196,20.747732765647086,-
b,30.0,33.53290074589354,y,p,i,h,0.7966567349911429,t,f,49.171257349007206,f,g,22.80888647699394,26.21310504454283,+
a,60.0,81.58552557456903,u,p,cc,bb,0.04376584719831855,t,t,12.77427635426891,t,g,31.701390115090188,43.2480730418121,+
b,60.0,80.25645343486241,?,gg,d,h,0.5669458574796546,t,f,0.4972485322349174,t,s,21.34845836986351,12.20435620298127,+
?,,84.57085817167271,y,?,?,bb,0.39820996411799514,t,t,67.78731204686652,t,p,90.58691063099718,7.873336826348165,+
?,60.0,11.551790010698216,y,p,?,h,0.7719644343498835,t,f,54.99083871271615,t,p,89.90237272133665,68.00613957479561,+
b,45.0,96.9361244995776,l,g,c,v,0.03842564563905859,f,f,33.096290435844836,f,p,10.221131492062252,40.71650620891203,-
a,,95.96261537897311,?,p,c,h,0.40169056856161434,f,f,16.897215003789036,f,g,14.285842886649247,72.6225791870277,-
b,,35.746964550174155,u,p,?,?,0.799073419486196,f,f,46.67153224039021,t,p,86.20186390106666,11.00582004376215,-
a,,6.589401821191965,u,?,c,bb,0.52269726463837,t,t,10.028647247890564,f,g,39.89377708727459,60.98655479010957,-
a,30.0,16.70556694687857,?,?,d,bb,0.550038740998604,t,f,33.610848922114315,f,s,16.927167733927828,44.33067933697404,-
b,60.0,99.2830825444697,?,g,cc,?,0.0971646819659655,t,f,37.92119062356344,f,s,51.066940243656724,5.7998654457028564,-
b,30.0,56.30129431716631,y,gg,cc,?,0.13233055612009137,f,f,46.561869483796215,f,p,41.666804992009496,54.480197827597685,-
a,45.0,35.6621798826052,l,gg,i,v,0.6769996053657859,f,t,46.662075133884684,t,g,21.91615537379652,8.280427471454576,-
a,60.0,28.820269385003883,l,p,d,bb,0.6750466222899199,f,t,25.700564347427722,f,g,72.07522182776344,82.77197477910082,-
a,30.0,25.699173531094754,l,g,c,v,0.9791033942522733,t,t,85.02109816019876,f,p,63.128931233273086,63.19574653900288,-
a,,66.4152765054482,?,gg,c,bb,0.7119529880655504,t,t,35.55435062567456,f,s,9.966161355544056,55.69675337604484,-
?,30.0,41.93878315196859,l,gg,i,bb,0.4932434959334473,t,f,22.958730889251633,t,s,92.53867143253424,13.346900446965904,-
b,,96.54106993686116,y,p,i,v,0.8573278235335529,f,f,17.580988341059022,f,s,55.84699657300691,28.7457113504083,-
a,30.0,68.38430306453614,?,g,c,bb,0.10447298581593623,t,f,32.257839450333556,t,s,25.02044870635418,49.28758971352993,+
b,30.0,79.20445910489612,?,gg,c,bb,0.4492958208962545,t,t,6.755288297753436,t,s,20.62918150723635,63.32835136396881,-
a,30.0,29.274154858315992,l,?,d,v,0.28710911092756974,t,t,3.290752298097166,f,p,13.594798137220154,18.323071874215557,+
b,,7.918640910862584,u,?,i,h,0.10463780692762559,t,f,60.51421968028677,f,p,42.46374063903507,0.8866278133623395,-
b,30.0,48.782283738188106,u,p,d,v,0.7635020847203663,f,f,61.914713604919,t,p,13.554101309083677,34.47601872692956,-
a,60.0,31.458154654622728,y,p,c,bb,0.5107920304988839,f,f,52.95882026382897,t,s,41.58164125952262,48.287145455624355,-
a,60.0,20.208316500792368,l,p,?,?,0.5567687198974907,t,t,76.22851952317244,t,s,14.877042823411768,18.443350559680304,+
b,60.0,95.26421308008614,l,p,?,h,0.411255187910329,t,f,3.915054427707798,t,p,65.68075215238893,49.21655058552058,+
b,,44.39882143420303,?,gg,c,?,0.4603372316027352,f,f,93.59731082094676,f,p,78.52420216863582,33.848585856926874,-
b,,17.470859204878565,?,g,i,h,0.11601738712300314,f,t,9.506512325706051,t,s,54.95227475227586,45.508966610640776,-
?,60.0,19.865065268113913,l,p,?,?,0.6729178242869764,t,t,67.40229943935935,f,g,68.00568748548973,34.7457750578594,-
a,60.0,28.0709742464594,?,p,i,h,0.43244735960521374,f,f,13.33965889408093,f,p,93.8378737084061,62.84678497868001,-
?,60.0,99.93162681897128,l,gg,?,v,0.8167675731295833,f,t,87.99054333077923,t,s,63.83715295706078,4.289701099357169,+
?,45.0,26.80115005195973,y,p,i,h,0.1962872001430761,t,f,51.07132869450312,f,s,36.415819818388265,17.090528994427356,+
a,60.0,32.88018045784536,?,p,?,h,0.20505509341883577,f,f,8.229354101797604,t,p,44.948015867491556,43.27508691109996,-
a,30.0,65.93281279840014,l,g,i,h,0.6457595715306877,f,f,61.67241127000735,t,g,86.0525226072037,35.62967155518567,+
?,45.0,29.396137641029828,?,?,d,bb,0.8460034233973969,f,f,0.9109943882201654,t,s,13.072031895009639,39.16319559538171,+
a,45.0,21.580425105969336,y,p,i,?,0.4721978386181753,f,t,77.60221784402445,f,p,32.573702245043265,80.37606948804797,-
b,,15.863718664959869,?,gg,d,v,0.7269538687331,t,t,65.05849866461234,f,s,57.72800689704841,88.63316582473657,-
b,30.0,31.26826650277922,l,g,d,?,0.9993299214930856,f,t,21.262474936350728,t,s,67.63895694084344,24.866878349757005,-
?,,10.591568962877352,?,gg,c,?,0.9902656397289281,f,f,37.475091617609365,f,s,76.34990754317053,83.63910602863055,+
?,,1.8646586414782895,?,g,d,v,0.7443368428217001,t,f,0.7806694488890265,f,s,31.820679599608713,45.87898652903578,-
a,30.0,80.46416973346773,l,g,cc,bb,0.7395864896782488,f,f,69.3683814971205,f,g,14.585913400915029,27.382061928622083,+
a,,13.789494241457657,u,p,d,h,0.24761888719890568,t,t,32.26681375097192,f,p,95.48392096765598,98.54560710046783,-
?,30.0,77.59768498152422,?,p,i,bb,0.8335396315437738,t,t,57.15889152967192,f,p,7.6392217132039475,82.48017914341673,-
?,30.0,79.75424789866598,?,p,d,bb,0.40510212704712056,f,f,95.67276279144629,t,p,9.580535578688544,99.4253319086536,+
b,,53.791952632924314,y,?,i,h,0.9619939098668226,f,t,29.9466712947585,f,p,49.494254190196884,16.819078442825464,+
b,60.0,30.96819583129514,u,?,i,?,0.08142768870693551,f,t,99.02378840873183,f,p,81.92710281435983,14.384267394785866,+
a,,14.503273374988845,y,gg,cc,h,0.43584036887272604,f,t,63.27283860075664,t,g,77.45041063553268,50.33779529442393,+
b,45.0,73.68051067209991,l,p,d,v,0.5558404876834986,f,t,24.208866628550496,f,s,93.76992661940918,63.86437600345539,+
a,,60.1386985981786,l,?,d,h,0.40515620708616484,t,f,43.67778830212578,f,s,14.160257561298838,17.106009253335163,+
a,30.0,65.5453456493564,y,p,?,?,0.21057919050494334,f,t,74.04531223835897,f,p,37.5727257062436,86.04306680885426,-
a,45.0,0.8669089845131039,?,?,?,bb,0.5929884887825099,t,f,44.64779076830813,t,s,28.214212872171007,53.201347866336334,+
b,30.0,92.75170157078246,u,?,c,bb,0.7559179146251376,f,t,6.8507567341552384,f,s,86.0870123554672,41.09418332206475,+
?,60.0,6.629018744655024,y,g,i,h,0.6448385960201964,t,f,16.860366138254236,f,s,48.835462028120034,60.205367292704516,-
?,60.0,36.68058851400057,y,p,cc,v,0.2344488488080395,f,f,79.12977457839455,t,p,2.6847934415666352,63.49537129722892,+
b,45.0,40.27116496517002,l,p,?,?,0.7316079443685239,f,t,64.83730757180614,t,p,70.79644068383966,4.278328098379413,+
?,60.0,0.13555244979488457,?,?,d,bb,0.25689780604456325,f,f,56.98254773321337,f,g,38.869809782660255,99.98926667050493,-
a,60.0,49.70893093507971,u,p,c,h,0.17520236292404,f,f,16.76219707554013,t,p,53.11467633710123,36.391957680447554,-
?,,75.28089945110099,y,?,cc,v,0.6906680154387221,f,t,83.77574453503394,t,g,89.37874270099981,6.154264690989619,-
b,,82.32686531147722,u,p,d,v,0.8427872461139291,t,f,96.07401095862501,t,p,25.673777463281166,85.23231747755152,+
?,60.0,87.93969933058844,u,g,d,bb,0.4815394476965744,f,t,4.088709749066954,f,s,24.026467561217714,99.30186792123122,-
a,60.0,48.771886831536946,y,p,i,bb,0.5313917931384378,f,f,7.803187065385531,f,g,26.319250418008934,81.63585092160902,+
a,,63.063619052965045,u,g,i,?,0.30274757047123246,f,t,88.47245033145647,t,g,33.81079912597027,85.18824898598457,-
b,60.0,7.951971329649876,l,gg,?,v,0.4946180151100322,t,t,81.55522540321283,t,g,10.735397464609964,62.593511421945095,+
b,60.0,48.80382242817499,?,p,?,?,0.1319829980124072,f,t,61.793445551129366,t,p,69.72196608085895,92.23255782209328,-
b,30.0,15.481575487173526,?,p,d,v,0.95583082968299,t,t,94.4965208986138,t,g,20.739871782913653,3.573855172746754,-
a,60.0,36.964311762252144,?,p,d,v,0.8003606536565963,f,t,64.64305779920032,f,p,92.61457472705857,76.6723862954201,-
?,45.0,32.93053128645993,l,g,?,h,0.6679730608221848,t,f,21.59852757295033,t,g,21.56863139098707,67.07102283340755,+
?,30.0,42.35405772415082,l,p,?,bb,0.538194371684403,f,f,72.86423237169002,f,p,25.56420293087751,4.958497052400224,+
b,45.0,57.163661797413255,l,p,d,v,0.7921691362279645,f,t,64.57103447456373,t,g,29.702022881081636,54.397357897647936,-
?,60.0,90.28766470629958,?,?,cc,?,0.4947572395858043,t,f,98.57447020100294,f,s,76.8538097011416,51.506034575786956,-
?,,39.44846313475053,u,gg,d,bb,0.2999739081545325,f,f,21.389573637479174,f,s,42.76064874420298,69.15342250769767,-
b,30.0,98.11311957115507,l,g,cc,?,0.16037423516667204,t,f,59.7884936362599,t,g,81.93346240306187,7.753141160917254,-
b,,75.90280480512028,y,?,cc,bb,0.6475855888018073,f,t,78.01675222251225,f,p,78.48537123557885,80.5278785328412,+
a,30.0,51.14810467883832,l,g,d,bb,0.9294257450265141,f,t,33.89830893381708,f,p,92.94904227674665,13.940344201150467,-
a,,64.4026437111944,y,?,c,v,0.15361855350435116,t,f,37.96795830982377,f,p,75.66041551040547,41.866461346187265,-
a,30.0,10.22241711319445,?,gg,?,h,0.18001804505080676,f,t,88.79018383283207,t,s,5.191116966906284,88.1288007501636,+
a,30.0,84.45215313136548,y,?,i,v,0.4336060334095351,t,t,40.419487960888134,f,s,83.72812736990583,56.05316054954964,+
?,45.0,58.23574550639658,l,g,d,bb,0.806899347919689,t,f,62.473285189561444,f,s,93.80725967054111,37.95909137547343,-
?,,98.60674802096018,l,p,cc,v,0.2939227289715046,f,t,88.92381375268256,t,p,99.3689192549669,4.8202242045836785,-
a,45.0,63.642874375284904,u,p,d,v,0.25391292467002813,f,t,20.982658309056134,t,p,12.526759413246513,67.22735172017217,+
a,45.0,83.4111583266325,?,gg,?,bb,0.6199662914628339,f,t,98.18772963526058,f,p,61.327326932653456,98.6546765306784,+
b,,79.97627427952398,y,g,cc,bb,0.5356147818743319,t,t,70.19535339703258,f,g,19.94586658841594,91.17963987583829,-
?,30.0,34.546115146826885,?,g,i,v,0.06022036444523626,t,t,49.61216941414448,t,g,26.2509640912599,71.72960775734279,+
?,45.0,25.961062523321164,l,g,i,v,0.08148997730927654,f,f,43.09205643509977,t,g,74.55843382228579,10.529285825594503,+
a,,43.049358343151,u,gg,i,v,0.6430129801847662,t,t,95.43646155515046,f,s,97.76677176990603,23.94400934003942,-
?,30.0,46.72413444088372,l,p,c,?,0.46512359914777957,t,t,20.572482752966636,f,s,59.48555014630229,18.684901945328704,-
b,45.0,24.008470193664387,l,?,cc,v,0.970977191589147,t,f,31.168325684596134,t,p,85.05844698222474,35.54616402556453,+
b,45.0,89.45978733509719,l,gg,cc,?,0.6785314107300647,t,f,30.779275554792473,t,g,0.8883803828827919,23.55172277915355,-
?,45.0,54.2547862300646,y,?,c,h,0.010073661993231453,f,t,28.900633473446348,f,p,3.6631639849619257,24.44394459716932,-
a,30.0,97.84443921535696,l,p,cc,?,0.4810187798004618,f,f,46.85380452156892,f,g,59.67243373258634,61.67299353754056,-
?,45.0,81.00177780462633,?,gg,c,v,0.4144479350354795,f,t,98.91792332678332,t,g,38.89831016004391,31.870265596138346,-
b,30.0,55.5704860391946,?,p,d,h,0.1067138599937687,t,f,88.87867667162173,f,p,88.97578149731538,67.71628764724731,-
a,60.0,94.70402781443592,u,?,?,?,0.92320883587219,t,t,32.794956832148614,f,p,30.198191308573374,94.78896591461805,+
?,45.0,50.48748150953071,?,g,i,?,0.8050112990817236,t,f,42.287011573013764,f,g,43.20510275040475,63.8477916613239,+
a,60.0,88.71065125186705,l,g,c,bb,0.23008590842000187,t,t,66.94807463859314,f,g,52.79091978315682,75.16566772103712,-
a,,35.81447811958055,l,?,c,h,0.2559807588429972,f,f,1.7151680696614102,t,s,27.303883288624753,75.15804152828379,-
b,45.0,37.86423834040941,?,g,c,bb,0.032018053319450956,t,t,82.01536586856479,t,p,90.84948674532943,33.0702788399311,-
a,,41.81306829709312,u,?,d,h,0.29671745157904095,t,t,87.97980573119195,f,p,46.453358465809714,1.4957994593435497,+
?,,54.662564594324614,u,gg,c,?,0.5846220089133536,f,t,85.7200334324534,f,p,42.41556091190169,5.504796299421444,+
a,,55.3490270198824,?,gg,?,bb,0.42084338838666824,f,f,37.50543868855362,f,p,84.97530489343326,28.206025088455846,+
a,60.0,49.639892167708425,y,gg,?,v,0.9692554637196809,f,f,46.19995073642082,f,g,31.19784016478985,68.9543183657598,+
?,30.0,30.600097358316745,y,g,i,?,0.056080169263670876,t,t,1.2388321903755828,t,s,81.7465344510961,90.66831386482926,-
b,60.0,92.7206464790831,y,p,d,h,0.5914301588990106,t,t,39.939534804355084,f,p,12.227285272134946,95.87982621907463,-
b,60.0,58.85860973492542,y,g,?,h,0.858309440507048,t,t,46.04268223666015,f,g,18.278853336489963,2.584866384007345,+
?,,40.773921619159495,?,g,cc,bb,0.4807409124097226,t,t,90.69742930684787,t,g,95.08416661717347,99.00872456327711,+
?,45.0,65.11769607436182,u,p,cc,bb,0.0029627205603968143,t,f,89.39876737572474,t,g,84.2447490807708,32.249721835669376,-
b,30.0,76.79667578098052,l,p,cc,h,0.2428014998262752,t,f,96.60970640879096,f,g,38.789890145640626,84.29562282351154,-
a,,96.07280882282431,l,p,c,?,0.32376897566796614,f,f,88.51049850905204,t,g,63.845644871702945,18.029546069678037,-
?,30.0,49.954916226758264,?,p,c,bb,0.9659944945574624,t,t,0.8200709427645614,t,p,94.29701894309558,6.289825760685918,-
a,60.0,11.209851035075879,l,g,cc,v,0.9117732818386994,f,t,64.14608523322197,f,p,21.185890286408426,37.83554240626875,-
?,30.0,44.076580143654134,y,?,i,h,0.9491705051076303,f,f,6.823768310304079,f,s,5.901047022300066,85.8925388530693,+
b,30.0,47.897056145347136,u,gg,i,v,0.8257584576169683,f,f,27.25942863799854,t,p,53.74680645053053,22.082491587781604,-
a,45.0,89.6994078185674,?,?,c,h,0.3516477341139044,t,f,57.830762947058034,f,g,14.259687866359327,15.395732575184217,+
a,,39.48007684629531,u,g,cc,v,0.9058764220962006,t,f,70.0613818407539,t,s,18.731909271137514,90.98043289501905,+
?,30.0,95.33242648871384,?,p,i,?,0.9816845059370488,f,t,65.46320259170952,t,g,89.15391897315794,93.8337202621459,-
a,30.0,48.51319077143348,?,gg,c,h,0.3500713122749529,t,t,4.905836740864322,t,g,0.7403458644891336,1.2548199188908926,+
?,60.0,97.37805009789288,?,gg,cc,?,0.2605559659864489,t,t,10.360386956955203,f,p,81.68200264638685,72.74357374154816,+
b,60.0,0.8198321130962194,?,?,d,bb,0.5469162927822213,f,f,12.858681293127338,f,g,51.69507763356076,30.920773652932667,-
a,30.0,89.88153748063466,u,g,cc,h,0.18715219259893,t,t,9.141437676969112,t,p,55.92943876453004,37.47043699671896,+
?,,93.11204519433507,l,g,cc,?,0.032624221406380216,t,f,17.823442326932227,t,g,67.17679604563625,46.91029749514899,-
a,30.0,96.10209357652133,?,g,?,v,0.9458311711158697,t,f,68.84877913115594,f,s,43.14449923080104,42.67909701745195,-
?,30.0,1.3076534174614851,y,gg,?,?,0.9257406324414192,t,f,83.08372511591529,t,g,11.561188819241474,51.49737849821052,+
?,45.0,17.1700836550309,?,?,d,h,0.16265385376212105,f,f,40.88138900734103,t,p,10.282022380482381,58.23617157400163,-
?,,65.37645030932362,u,gg,d,?,0.40774024692971944,f,f,69.27815064283436,f,g,75.43621991839426,46.55955048379242,-
b,45.0,2.5472691735107134,?,gg,cc,v,0.8310363132726856,t,t,20.00162612658265,f,p,22.10351432672849,70.15635404895175,+
a,,6.360899617650073,y,p,i,v,0.661000298820853,t,t,97.32801516334081,f,p,2.81016836176442,71.8601662842142,-
b,,22.10788736934419,u,?,d,v,0.3947875091707139,t,t,34.99975228576183,f,s,97.96138890989411,44.03591974261951,+
?,,51.24397687438842,?,p,cc,bb,0.744170997182819,f,f,84.58669062048351,t,p,98.03915193606933,14.246314808710858,+
?,45.0,54.590255926680754,y,g,c,h,0.8970473882101909,t,t,94.53663726293871,f,s,37.81413373437799,64.06389213201227,-
b,45.0,3.426112279350435,u,gg,?,v,0.926158330525868,t,f,86.47139628753023,f,s,2.5523844557113207,77.2956712350709,+
b,45.0,17.036725078153115,?,?,i,bb,0.378849611922189,f,t,6.7067651540288935,t,g,72.72646585927497,63.81095212039497,-
a,60.0,49.97056733346553,y,g,cc,v,0.17356068007281888,t,f,65.0307157307256,t,s,83.10120604856692,58.80547658468156,+
?,45.0,59.394062094340526,u,?,c,?,0.9128388581939751,f,f,12.00907065715512,t,p,12.501369011580977,22.94119912346063,-
b,60.0,14.840169648621536,?,gg,?,h,0.09255544586102826,t,t,0.5663000525796713,f,p,13.545861490923627,64.51370408192582,-
?,60.0,39.884141194697065,u,?,c,?,0.7216883912281636,f,f,5.178344394306745,t,s,82.22239996967906,33.48562145762119,+
?,60.0,90.44014365169524,y,g,cc,bb,0.14049731486080164,t,t,91.61491964470572,f,g,92.19073887152348,91.9558862813285,+
a,30.0,99.8899287046172,?,p,d,?,0.3893868546676922,t,t,90.84635142603938,t,s,79.07548366741496,65.37200927599808,-
a,30.0,98.72144548311412,?,gg,?,?,0.41155574654502736,f,t,22.58243877640338,f,s,20.074494916952958,27.817967670830267,-
a,30.0,88.16745102868724,?,p,c,v,0.15875791511208337,f,f,54.706121479862624,t,p,41.152121943422095,47.292690936393015,+
b,60.0,39.46600879499458,y,gg,d,?,0.922681434006612,f,f,95.50282622659262,f,g,60.08424258659141,84.65812758850444,-
?,60.0,68.65742920747842,l,g,i,v,0.0026681680092862647,f,f,49.670612969676256,f,g,16.02934738208287,33.54639511826475,-
b,,41.65922277841987,?,gg,cc,v,0.8938085432166306,f,f,39.35778201457579,t,g,21.06024926325083,52.54405701523811,+
b,60.0,64.85270268242029,y,p,cc,h,0.8838293234754855,t,t,48.324869404462454,t,g,28.2886072068555,67.96699732515225,+
a,30.0,30.943247096948323,u,gg,?,bb,0.3169636536980016,f,f,79.02157615519442,f,p,50.95132702908365,75.45293388267417,-
?,60.0,60.6202253610332,u,g,c,bb,0.7042842698792755,f,t,47.72776325332353,t,g,51.080488717754754,17.389217506474488,+
?,60.0,52.37584965528499,y,gg,i,bb,0.2528089112983155,f,t,78.32776812823695,f,g,81.42945193475526,56.515230467728905,+
a,,2.4480265813199953,l,p,?,v,0.7587735622539384,f,f,43.16974456409329,f,g,75.30102006876255,91.21999004962014,-
?,60.0,79.07029037461137,y,g,?,bb,0.5611197417877434,t,f,25.200567121138285,f,p,91.3735675109942,96.8359781509694,+
a,45.0,1.1897832245155615,u,p,c,v,0.30022545424765834,t,t,32.647272981862066,t,p,83.29017228245964,65.61450425593583,+
b,,29.315594225330177,u,gg,i,h,0.4002347536376546,t,f,7.782346463716594,f,g,25.387754830565466,98.36608041599857,-
b,60.0,0.592406545400237,?,?,c,bb,0.6898887322384035,t,t,49.73811444092764,f,p,33.12967693039999,57.07352489761408,+
a,60.0,37.62014132951982,l,p,cc,v,0.906097449643783,t,f,14.8110924889023,f,s,50.04232436325338,44.26050297809333,-
b,,6.316052816413931,y,gg,d,bb,0.13072651656727463,f,f,81.15470063347328,f,g,1.4271134563644594,55.15874589482459,+
b,60.0,91.35109668312413,u,?,cc,bb,0.5713639696691571,t,t,42.059057415689416,t,p,90.39020062837214,11.571239426352209,+
a,30.0,41.56792951628686,u,?,cc,h,0.25372919945711747,t,t,76.5002323991723,t,g,4.4344212562339225,40.17159196853878,-
b,45.0,45.94957748644101,u,g,?,?,0.8013722498754592,f,t,95.44604275386335,f,g,32.244127081663635,45.84050530305287,+
?,45.0,34.98502360908549,y,?,cc,bb,0.07023730586948107,f,f,84.9477949713236,t,p,56.91747911964067,84.86277987209782,+
b,30.0,62.75061542017662,y,p,i,h,0.6889557901711698,t,f,95.14636797458196,t,s,51.78413886068658,75.86485927424472,+
a,60.0,78.44081166182038,l,p,cc,bb,0.1749460136910298,t,f,56.79365268707303,f,g,65.44598928258748,60.142658522480076,+
?,60.0,64.81467430489779,?,?,i,bb,0.5963854184032292,f,t,16.532443398054188,t,s,52.752017529420904,34.727723487626996,+
?,45.0,74.82071183951275,?,gg,c,bb,0.835692587192692,t,t,93.53959541837006,t,p,22.900142570303437,18.703458569265706,+
b,60.0,90.59736635092605,?,p,?,bb,0.7550806621216796,f,f,86.85043905967709,t,g,20.107818779387188,34.77650209146279,-
?,45.0,86.35465316714287,u,p,i,?,0.7529428876836373,f,t,86.44129910669285,t,p,90.72470690754986,67.9804070959132,+
a,45.0,67.40584527536959,?,g,cc,?,0.5178453121869052,t,f,69.32744274087185,t,p,26.396673673559256,26.303779908503312,+
?,30.0,21.46379629044286,u,gg,?,bb,0.8907455918497214,t,t,62.49162621860794,t,p,28.097723387951344,42.688669570916595,-
b,45.0,63.77028510419288,l,?,?,bb,0.5881051982419979,t,f,1.4723891861331495,f,p,41.29528961003446,38.6770234881682,-
b,60.0,50.60830957405109,u,gg,i,h,0.9175179685495706,f,f,74.80540690881162,t,g,13.943832714997395,76.55900637910602,-
?,60.0,71.72192310104201,l,g,i,h,0.5465224578324176,f,f,9.153511748280573,f,s,50.72728444232404,88.37870622601443,+
a,,83.29316483929149,l,g,d,v,0.505965563020003,t,t,25.97509361025758,f,s,66.50317617021314,69.93709568109769,-
a,60.0,74.27214971864174,?,gg,d,?,0.22235301921031447,t,t,55.149029535133685,f,g,78.60004920773669,34.160226093303415,-
b,,84.65611699612853,?,g,?,bb,0.544786654030205,t,f,45.17325848760416,t,g,71.14542418642291,43.317704897588726,+
b,45.0,6.386637334102385,u,g,d,?,0.14058483124889698,f,f,1.5774389771445962,t,s,14.76359640802637,14.335015405372143,-
a,60.0,3.1620038237463954,y,g,cc,h,0.8696902012595454,f,f,82.39850584517123,f,s,45.60671449709239,16.809744776660985,+
?,30.0,25.850056769959394,?,gg,c,?,0.6758918887082934,f,f,87.88009580859264,f,g,3.858620080817843,16.4292567526515,+
?,30.0,90.06660841086284,?,g,?,?,0.9936354484929419,t,f,68.18729434967669,f,p,1.7797996720949283,13.058635756131022,+
?,30.0,82.36592509839738,y,?,c,bb,0.0920974277905231,f,f,54.10678586568224,t,g,44.013041827380064,17.958122850913018,+
?,45.0,68.27272977953116,y,?,d,bb,0.24067274984528686,f,t,96.07378388994714,t,s,25.296049445762904,20.268820257835763,+
a,45.0,70.07586674397159,?,p,i,h,0.8771586042661392,t,t,11.995620774819194,t,p,68.33607948733628,11.18459437976329,-
b,,72.66704692582125,y,?,?,bb,0.3952540997689177,f,t,73.79100536649891,f,s,72.42407868134126,64.0260721884227,+
b,30.0,94.2602700484747,u,p,d,h,0.46630298998189756,t,t,12.836061289519785,t,p,89.54037245582556,99.04015345821996,-
?,,83.21911523075576,l,gg,cc,h,0.8606518873876169,f,f,38.18447989234157,t,s,76.06825135390388,87.9186744652256,+
a,,62.339038702704755,l,g,?,v,0.5218232249499523,t,f,58.548450917097874,f,p,4.82441231365417,4.5602723826086216,-
a,60.0,66.57154352571405,?,?,?,v,0.19347584941436813,t,f,73.70876905043524,t,g,37.16230103577677,42.305880919672475,+
?,60.0,21.374026206112195,?,p,i,v,0.8920301154097809,f,t,0.3716100271983991,f,g,27.30233517521221,85.93105792327724,+
?,30.0,65.73188251562725,u,gg,?,?,0.03106165642303349,t,t,26.05978863717762,t,p,38.613244982716125,13.467481799199643,+
?,45.0,42.46790124184585,y,p,i,v,0.8953962676434433,f,f,53.82003914098203,f,p,16.007565896870158,84.76451466520427,-
b,60.0,15.296187060574374,?,g,d,bb,0.05052022667233469,t,t,53.2873679161507,t,g,9.770410369059345,59.27006378378993,-
?,45.0,80.64028192465743,l,?,cc,bb,0.6658493646001281,t,t,63.7626434946264,f,g,52.098454250840064,93.12985525961118,-
b,,51.02470998031456,u,gg,cc,v,0.07167937967533466,t,f,30.385358086822244,t,p,72.03813108663944,87.60391142644252,+
a,,97.74250416894216,u,p,?,?,0.7062129859650655,f,f,54.05292510889357,f,p,70.19109019319428,67.70343220587175,+
a,,28.167935447452496,y,gg,?,h,0.03397132133295089,t,f,18.978677743457638,f,g,45.09443221762272,65.78226598726955,-
b,,48.067011230507674,?,p,d,?,0.8424577277107875,t,t,18.687221440345546,t,s,52.22789862889461,21.316420239190816,+
b,30.0,44.79954546688681,?,p,i,?,0.46594395092998475,f,f,57.656396342260685,t,g,51.63287225086414,11.675296715800854,-
b,,12.077952243257872,u,g,cc,h,0.09345391266887793,t,f,68.5472585045341,f,p,69.15703777680562,41.53934299687984,+
b,60.0,42.61152788307795,l,g,i,h,0.7068194450101439,t,f,12.039996668128794,t,p,4.792517595602408,18.658003949312473,-
?,,28.75534564209249,?,p,d,h,0.4892901575037625,t,t,12.278990190422334,f,s,70.9896108871224,10.241671767775895,-
a,45.0,16.03204713669344,l,?,cc,bb,0.19094885887544288,t,t,56.53026914604504,f,g,58.22009007572875,30.23267332728935,+
?,60.0,28.215558403613926,u,gg,cc,h,0.015672373888725777,f,f,27.009575228364557,t,p,19.81087146715742,86.04899427966485,-
b,45.0,23.3251691266392,?,gg,c,h,0.41799825972553717,t,f,39.23991022411144,t,g,4.90588537462645,1.7148154018361228,+
?,45.0,73.4073531005878,l,g,d,?,0.08562923072853557,t,t,40.07484476475779,t,p,10.852779055788842,29.263768172217564,+
?,30.0,3.0775178259160096,u,?,d,?,0.0941696982472372,f,t,17.85528592849164,f,s,52.469134141926965,42.40521852144923,+
a,30.0,61.74627479132213,l,p,c,v,0.26732954836267686,t,f,0.1314633430626433,f,g,75.84085300912828,51.05697496152865,-
?,45.0,76.06613420236064,?,g,i,?,0.6304582972424243,t,t,85.31518099690074,t,g,33.465728712450115,18.157750838298924,-
a,45.0,48.07234564689732,y,p,c,h,0.5299106085609492,f,f,71.50019688976883,f,s,37.91239107052217,96.42201998380311,-
b,,93.15649800079184,l,p,d,bb,0.0689873082586806,f,f,69.05385581155656,f,p,93.41464150461124,57.88730435721895,+
?,60.0,70.78806952365353,y,g,i,?,0.9684312758924698,f,t,54.65051381133197,t,p,21.3013084032576,52.211054705704406,+
b,,74.79236513114172,?,?,cc,?,0.8871686882945911,f,f,70.09696545781205,f,g,10.374942457535163,0.8822588930341158,-
a,30.0,19.693348744087025,y,gg,c,h,0.25922548714515825,t,f,93.56883775476258,f,s,34.341011380001795,48.57153793960071,+
b,30.0,77.72955758390735,u,g,i,?,0.12233857596214126,f,t,66.56737362292911,f,g,74.59221194922738,83.7670629455184,+
b,,83.20947360831148,y,?,i,?,0.9424028647569902,t,f,26.509140192744994,t,g,62.60772910561319,21.96445430512427,-
a,60.0,36.12663884059896,l,p,i,h,0.4611417778806999,f,t,57.0560051740898,t,p,41.57954393695692,35.1207568386413,-
b,45.0,21.336306803297123,l,g,c,?,0.3111669647714358,t,f,44.23244033662102,f,p,96.47525328318305,2.057146468769555,+
b,,38.50506792036167,y,gg,cc,bb,0.4903580351651874,f,f,55.64191311121495,t,p,73.49964382945733,97.69275142337952,+
b,30.0,73.96079690001372,u,gg,i,v,0.7727441445464122,f,t,51.7610477412825,f,p,6.186142438329378,6.665179712804081,-
?,60.0,41.76390058687027,?,p,c,?,0.1683852983030545,t,t,85.87752852284649,t,p,74.46314438540483,89.82211239095695,-
b,30.0,73.66518752247879,y,g,d,bb,0.7674958335093072,f,t,65.18001033810671,f,s,2.403855590585835,31.29877141804547,+
a,60.0,11.356454097753765,l,gg,c,?,0.7494467879338654,f,t,18.875847793410394,f,g,65.03233231174055,58.755640198587855,+
?,60.0,80.60117104884844,l,g,c,v,0.5393482048408798,f,t,6.301677887537083,f,s,21.048283629265875,67.93155399660034,+
?,60.0,25.32074816423574,y,gg,c,h,0.8658422887495817,t,t,42.436378868134696,f,g,69.64422090375577,14.08291674311145,-
a,,24.89289877145937,y,p,i,v,0.13214337816986055,f,f,1.5610622257729245,t,p,30.977956664779615,44.375937778033546,+
b,,59.03809652038608,y,p,c,?,0.5954790066656731,f,t,31.829738583333565,f,s,87.30063079555649,32.54661002466423,+
?,,7.0118045746989655,?,g,d,v,0.4493430525018216,t,f,36.802146943922565,f,g,33.69138365914605,5.6602465605465335,+
?,60.0,2.6297726684668565,l,?,i,v,0.4222921128358317,t,t,37.55888740099239,t,p,61.9695855404297,83.31936543931808,+
?,60.0,26.102866529344926,l,?,d,h,0.25256107126952543,f,f,97.93500243238927,t,p,28.59275596539883,4.516775649747773,+
b,30.0,53.80675507348227,l,p,?,?,0.37227965680990804,t,f,30.390087697246827,f,s,91.72215451421782,65.32579594838668,+
?,45.0,90.76163862252272,?,gg,c,v,0.10815075602366575,t,t,26.522749537862122,f,s,78.09959810281724,31.407737641984703,-
a,,84.64351763073068,u,?,i,v,0.2515989697648252,t,f,12.938093106754122,t,s,24.330287634460312,19.21293272018666,-
b,60.0,49.04464599209754,l,p,i,h,0.2719651077780826,f,f,51.10088356826128,f,p,94.87967125586596,66.70860513355453,-
a,30.0,3.705199369349277,l,gg,c,bb,0.7206678674601394,f,f,15.367430621362066,f,g,35.715758957622825,57.453771452620586,+
a,30.0,53.52527346293091,u,gg,cc,?,0.048550427208863156,t,t,61.62947127307845,f,g,65.18649476671875,31.525625737482986,-
?,30.0,70.47955999252954,?,?,cc,bb,0.6511923081508607,f,t,15.515977893834954,f,s,74.28532311143964,51.296074825923924,+
?,,33.91645325250337,u,p,d,bb,0.22140990979318986,t,f,57.66733177592012,f,g,2.2902161464912307,24.623710120620945,+
?,,11.10633032816547,u,gg,c,h,0.08186150591629393,f,t,82.62692391746262,f,p,95.89673461572463,86.36964590026922,+
a,45.0,27.85679532056594,u,gg,c,h,0.3008061610854341,t,t,4.252463351909263,f,g,34.44413060873649,31.38187803271616,+
b,30.0,77.1588864467814,u,g,?,?,0.22447286942860278,f,f,41.97469749182059,f,p,18.977889343122424,24.51530295515314,+
?,,35.12438322833283,?,g,cc,bb,0.55203237583985,t,f,46.10489672188355,f,s,85.07077917284981,75.18337110596511,-
?,30.0,81.19814906857101,?,?,cc,v,0.3573764034479624,f,t,79.10721434781124,t,g,70.28992828234144,1.7592487993914885,-
a,60.0,31.952145180747582,u,g,c,bb,0.9659937424083261,f,t,46.79156319455442,t,p,8.674327262335257,26.80117320860753,-
b,30.0,16.355503841381815,y,p,d,h,0.9635495993908506,t,t,56.75357864563202,t,s,11.704458137676955,37.53952206511732,+
a,45.0,43.58483595136082,y,?,c,v,0.4437152691202395,f,f,79.12042535880711,f,s,71.5191870653649,88.22379617913818,-
?,,45.22745122891389,y,?,d,v,0.7950874606602596,f,t,55.97584929292907,f,s,7.478325595908397,95.04418025483442,+
a,60.0,1.6108218549336972,y,g,cc,h,0.013268540860875033,f,t,35.82994135195824,f,s,91.71754351240651,71.64779669139499,-
?,,11.704507270632615,l,gg,?,v,0.5478115847248026,f,t,8.584227762058227,t,g,74.15401369476332,49.253178100965975,-
b,60.0,18.492601877281743,?,p,i,bb,0.7432991723069791,f,f,72.99156295125776,t,p,33.54922059669888,64.06215490576886,-
a,30.0,11.358731737867489,?,p,cc,h,0.2169432254073359,f,f,87.11381501621551,f,g,36.293877922533824,41.40010516813331,-
?,30.0,34.15260754213638,u,p,d,?,0.06117175516594375,f,f,97.0064537020164,t,p,50.64960962041014,29.882583184866785,-
?,45.0,96.4622855617018,l,?,c,h,0.1559189359064559,f,t,92.65998807715683,t,s,36.09694136485402,95.06880681396285,-
?,45.0,50.922253832707796,u,p,cc,?,0.44184808717385704,t,t,79.74179088332487,f,g,78.34685514383158,11.539022900992379,+
?,60.0,62.75560238706465,u,gg,?,?,0.506371420756262,f,f,64.34719322457282,f,s,97.47369441016157,34.6393568050109,+
a,45.0,35.63864785230282,?,gg,d,h,0.38088512210876846,t,t,78.14601458306385,t,p,58.45215154381931,89.90889599605931,+
?,45.0,32.34877616431461,l,g,c,h,0.43997376704238,f,t,43.208371285206795,f,s,44.60373276675289,72.31414305874169,+
a,45.0,2.3146771915008357,y,p,i,?,0.4702349596092813,t,t,59.477621479083496,t,g,22.277414026821717,2.910145132297659,+
?,45.0,50.03336556760224,?,?,d,?,0.7694366616010963,f,f,34.86998091391852,t,g,65.34334192478002,2.3099673424247125,-
a,30.0,48.36090067516663,l,g,c,v,0.10524189807765238,t,t,32.670921498038275,t,p,68.55768618153971,51.65124626245746,+
a,45.0,15.783072618112303,l,gg,i,h,0.768950467159396,t,t,75.66917732760338,f,p,68.51906070143637,48.42530562300217,+
?,30.0,76.43240002067037,?,p,c,h,0.6886273022949981,f,f,45.393278230356174,t,g,2.6985035868492324,44.29915386563182,+
?,30.0,49.267433031100296,?,gg,i,v,0.7416608094763181,t,t,21.21612629310292,t,g,89.9122100660471,30.234376183900892,+
?,,33.89939701615733,u,g,i,h,0.7344683858753228,f,f,20.19381619418659,f,g,33.81065634291767,98.66387198136391,+
?,30.0,14.690890902292697,u,gg,i,v,0.47059181580178366,f,t,85.91723615699335,f,g,74.41657624816091,27.198732298338147,+
b,30.0,55.21608269710124,u,p,c,v,0.21140018456090004,t,f,67.77604943626712,t,p,75.98069071003198,49.00402064405619,+
?,45.0,75.28170260888098,y,p,i,h,0.536628904301804,f,f,54.604607335811586,f,g,65.05549788122396,40.489309682306626,+
?,30.0,28.199935268497168,?,g,d,bb,0.9579820536090996,t,t,40.09387359963594,f,p,39.486652314429215,17.02494259617421,+
?,60.0,21.879435157672255,l,p,?,?,0.5885256813933637,t,t,43.08173907871258,t,g,60.838421681652555,20.26188191252786,-
a,45.0,52.1934964064577,?,gg,?,h,0.01104714521277761,f,f,5.743519419494381,f,g,4.019869125787656,91.83027420097729,+
?,45.0,15.534330251001693,l,gg,i,bb,0.059710904876390636,f,t,45.49101448678427,t,s,76.18957921879063,85.82797228559551,+
a,45.0,66.6613386594285,y,?,?,v,0.9928634336035523,f,f,79.54549106220819,f,s,9.958864832833891,19.90443058203524,-
a,,60.534362794423046,?,?,?,bb,0.07194635923944037,f,t,38.79864800953223,f,g,39.67509257996017,87.56626239095135,-
a,45.0,8.708204959142861,l,?,i,h,0.04604516004489856,f,t,38.35812525432579,t,p,10.361878766496657,20.918613008084254,+
a,30.0,3.652037938137387,l,gg,i,h,0.3530242693586554,t,t,1.57165830192878,t,g,83.70744458190946,62.65463217476971,+
b,60.0,62.02886525885849,u,gg,d,bb,0.9693172032693367,t,t,45.78352625580686,f,s,55.03023934359592,8.12805233206938,+
?,45.0,29.42937739887408,y,g,cc,h,0.3186751537328657,f,f,2.533765294796686,f,g,69.09551201692724,88.03696262591181,-
a,45.0,8.644575317339854,?,?,c,?,0.40988413087527065,f,f,57.03494280087611,f,s,68.2582169842613,5.150029946546697,+
?,60.0,75.94287049564865,u,gg,i,bb,0.6340770612085656,f,t,50.678338158231405,t,g,84.16062316585044,55.494288925113665,-
a,45.0,31.40440030176441,y,g,i,v,0.02411183932639782,t,t,84.00084989239988,f,g,13.256940334513468,77.9711525180385,-
b,,45.959954963822355,u,gg,?,bb,0.897763577519188,t,t,58.17806109257212,t,p,65.97281404048842,11.68347364106812,-
a,30.0,23.681292745376926,?,g,d,bb,0.5194430175544321,t,t,32.342735532221525,f,s,57.51340544036574,40.44802675001885,-
?,60.0,62.731707835796456,l,?,?,bb,0.46681090600405795,f,t,51.62310094169141,f,s,3.0897122571315383,4.195015149005011,-
?,60.0,30.148841535435945,?,?,i,bb,0.8607266622066304,f,f,69.97063557499187,f,s,20.142290882280257,68.27525773399591,+
b,,96.80209612276283,y,?,i,v,0.9530765893580212,t,f,9.39637954103828,f,p,26.75715413782208,30.744959496135195,+
?,30.0,70.29475486169065,?,gg,?,v,0.42342523164683477,f,t,62.107408847043374,f,g,7.255637542916615,55.939524463847,-
?,,13.672227637346579,y,gg,i,v,0.17244107929323071,f,f,91.66262819779791,t,p,35.47198058988015,93.27322704203617,-
a,30.0,41.66948396734668,u,g,cc,bb,0.8157092700020729,t,f,29.91302956312444,t,g,2.7202508715475693,30.585810799484236,-
?,,38.54210997298786,y,p,c,?,0.4032604212224872,t,t,62.66250948764123,t,p,55.318349225772955,4.86274716352777,-
a,45.0,53.42471107203831,l,p,c,?,0.9355455395117661,f,f,82.13294503502435,f,p,21.15009605797873,67.56277676987004,+
b,,84.19306744792533,l,?,c,v,0.9498989838309829,t,f,51.18063974386241,t,s,28.70031055091986,78.68411345141675,-
?,60.0,58.34220151830017,l,p,cc,?,0.11482903172136949,f,f,71.79795340203849,t,p,91.04716261712841,95.7868559877576,-
a,60.0,6.155667759999927,u,?,i,?,0.9565539673328513,t,f,31.101033848926008,f,g,50.281684912352546,15.78008770256658,+
?,60.0,65.5415696802855,y,g,?,?,0.36827032544512095,t,t,30.605845292514477,f,p,26.901393124441586,39.21399251161498,+
a,,0.8265297945858396,u,p,d,?,0.6462525176571905,f,f,66.75840217985606,t,p,59.84617582480662,84.41404600254748,+
b,60.0,77.9960460540393,?,p,i,?,0.034750081734046034,f,f,70.54088739734838,t,g,20.167143486749563,80.68713932688794,+
a,60.0,66.6636072411242,?,?,cc,h,0.8888842740838326,t,f,93.70096995121438,t,s,7.439568576418488,62.47957073338625,-
?,45.0,30.8785658352586,?,g,cc,v,0.6415973293448649,f,t,22.483857471797453,t,g,2.0906354400268667,26.936854520269392,-
a,45.0,29.244180458951575,?,p,c,bb,0.6435544669564192,t,f,46.82175960879691,t,g,95.15290453762563,28.40352906507776,-
?,30.0,79.82729965463055,l,p,i,?,0.9021761599774838,f,f,25.05134731638914,t,g,72.46108241431163,12.400299462414255,-
b,30.0,78.33366919246205,y,p,c,h,0.5083471749073432,t,f,8.00921608802454,t,p,79.99481482923824,92.18536737859097,-
a,30.0,35.230235437675994,l,g,d,bb,0.41051664036255053,t,t,40.32305279474877,f,p,98.0917728178832,17.293151463944533,-
?,,29.894772807978033,y,g,c,h,0.8661287522923162,t,t,37.40807472882033,t,g,93.16287034134395,57.288660117990645,-
?,30.0,55.982478888279,y,p,d,?,0.7424205118713982,f,t,27.04341199821879,f,g,73.69131986375159,58.43514169821129,-
?,,0.836565998414418,u,?,cc,?,0.948975664964901,t,t,29.699489113941645,f,s,69.39870698193194,36.96054411952689,-
a,,8.266703798654229,?,?,c,?,0.9401218933105326,t,t,36.04118063512781,f,p,33.68499969353766,35.251846100545514,+
a,30.0,12.616959014873675,y,p,c,?,0.38232616456024027,t,f,98.88376327800935,t,p,10.401725179510212,66.85884185582796,-
a,30.0,18.54118178271742,?,g,?,bb,0.4469862901414179,t,t,78.295776596728,t,p,57.3722548367576,38.829777794853904,+
b,,51.20181266754691,?,p,cc,bb,0.25598495379077846,f,f,7.140120108690695,f,p,57.625329508859224,25.51153933380007,+
?,45.0,99.2241914861122,?,g,?,h,0.6606478891385676,f,t,87.24131764867018,t,g,95.2237285415744,39.91317024000309,+
?,60.0,65.26134017473535,l,p,d,v,0.36454197008888656,t,t,63.33033263986714,t,g,44.257080666170936,80.7662077665546,+
b,60.0,6.129879444922359,?,g,d,?,0.7861006466076711,t,t,89.05937601219091,f,s,69.08076243060684,96.64784551311855,-
b,60.0,52.55793740622418,y,gg,cc,h,0.12155076073091053,f,f,34.17096871302282,t,p,57.49706273967218,63.59502304538448,+
a,45.0,49.66452123895044,l,?,d,h,0.11640285116574589,t,f,46.451886481171876,f,p,17.676022910104926,78.21012254841064,+
a,,14.41678158180495,?,gg,cc,h,0.2044553814193969,f,f,89.62270573081084,f,g,59.20643077549167,53.28248613126102,-
a,30.0,92.02723688024076,u,?,d,?,0.08429218843741348,t,t,27.25731359136815,f,s,54.01167093628201,62.482314209343784,+
a,,44.076524767536895,?,g,i,?,0.6200316076782347,f,t,91.55008762454153,f,g,49.39059939093555,98.80866567365598,-
a,,99.45591406097397,?,gg,c,h,0.14735276601673863,t,t,82.84997121442692,t,p,51.34229336484748,43.84188647019115,-
a,30.0,42.00722952521643,l,?,i,?,0.15996291746765423,f,t,98.05579409092934,f,p,16.39879719588705,6.625469695419994,-
b,45.0,60.795770268360926,y,p,cc,h,0.01422822372916599,f,t,32.42575870163631,t,s,46.34777312306678,95.70069178193546,-
b,60.0,10.476253645144007,?,g,cc,bb,0.7820900146236098,f,t,23.57531800047834,t,g,60.56532718215968,79.30617209035476,+
b,60.0,45.42278238068692,l,g,i,?,0.812296055423481,t,f,33.08668970457281,t,p,48.94491986855394,39.83103678635713,-
?,,23.87658940039733,l,p,c,bb,0.1620224163644397,f,f,95.46497959887353,t,p,48.86861951261473,98.23950536227687,+
?,45.0,83.5564798571235,y,p,c,v,0.7395244342672245,f,t,33.30732960529416,f,s,7.751770979298578,34.55357503486262,+
a,60.0,78.39195848675399,l,?,?,?,0.4335451231573596,t,f,56.521181995723815,f,p,19.077415201671965,37.21201960080287,-
b,45.0,82.41799996253584,y,g,d,v,0.23959488296539133,t,f,40.36792825865142,f,p,32.09726927755007,60.97313531899208,+
?,30.0,72.36094377579514,u,?,?,h,0.6213846080738289,t,f,39.62201444817809,f,g,41.93469939259066,27.43473861553567,-
?,,83.26832236200512,?,p,c,?,0.1784840743470848,t,t,19.33786098790552,f,s,59.39374438586042,69.85714851307327,+
b,,20.082875017492086,l,g,i,?,0.7568836076530354,f,t,53.707954079759,t,s,86.33451045230606,15.285030395050592,+
?,45.0,45.20437765798017,u,p,d,?,0.0476152275705517,t,t,84.94042549672068,f,s,15.916473808865394,10.802531935815352,+
?,60.0,69.18468799459681,l,?,i,v,0.9591309329279144,t,t,4.94850135538708,t,g,1.5088030210694936,53.48780075641556,+
b,45.0,63.73924979351349,l,?,?,v,0.07187525370862446,t,f,88.92265936634216,t,s,44.92371307759158,55.54936823944011,-
?,30.0,71.63544828740869,u,?,cc,h,0.5794484192486897,t,t,66.54729651372995,f,p,43.21028974116281,10.665506962969062,-
b,60.0,22.42583831512317,l,g,i,bb,0.9021942901223785,t,t,61.673808057490284,t,s,55.19012184951724,96.4176261131151,+
?,60.0,9.843470904498975,l,p,?,bb,0.011904468847850347,t,t,62.59002329239922,t,p,83.32217713715005,57.328665760708375,+
b,45.0,91.68065780747764,u,p,?,v,0.49851446098905705,t,f,29.626983595446944,f,s,80.23605509824779,15.103499249692609,+
?,30.0,56.01718955673584,l,?,?,?,0.3500069643106799,f,f,41.51445038682877,f,s,10.004328443001121,31.1442524332299,+
?,60.0,15.382592450741095,y,?,cc,bb,0.580332190257909,f,f,79.92900059042147,f,g,93.39953666766738,80.02342139331627,-
b,,79.34365818873616,l,?,cc,bb,0.2254573867376587,f,f,30.63810369362896,t,s,11.04143946744447,52.32315278655319,+
?,30.0,91.49299366292826,?,?,cc,v,0.06489921723172476,f,f,47.00202095726967,f,s,63.45705085342361,18.814834854655558,+
b,60.0,16.956351857110906,l,gg,d,h,0.6259330368487069,f,t,1.9632271387653333,f,g,67.24062935955757,10.284897206180476,+
b,45.0,81.74124552691106,?,gg,cc,v,0.41684923949340247,t,f,73.35583529355067,t,p,67.98774872230882,43.07744122374848,-
?,60.0,93.32250613191283,?,gg,cc,v,0.6224855387062297,t,f,41.770217667860564,f,s,26.53511716753909,33.74147086864342,+
a,,93.83616002960173,l,?,cc,?,0.21053914683784292,t,t,52.53587684736038,t,s,33.03450917649919,65.59173524819735,-
?,30.0,91.41564616535011,u,?,i,v,0.33874126295348184,t,t,11.468931781075863,t,p,54.86768751493969,92.52469869511654,-
a,60.0,54.64210123601028,y,p,cc,?,0.5616813893646103,f,t,99.17142287874368,f,g,19.958749580009837,24.77302857741588,+
a,,35.621131725386924,y,g,d,h,0.5931127783247273,f,f,30.246782698484598,t,s,2.031046783335122,85.52339332828451,+
?,60.0,0.7272807694009287,l,p,?,?,0.3723148077742652,t,t,63.49896615964503,t,g,56.21444545085757,92.04619784452005,+
a,60.0,6.091222687152708,u,gg,i,h,0.28005320561655644,t,f,58.12363448544654,f,p,46.52785720120073,90.20025994699014,-
b,30.0,42.88390152973906,u,p,c,h,0.27370062948859586,f,t,78.50922039249903,f,p,65.6731206223462,95.20773299454353,-
b,45.0,39.93261463915103,y,?,cc,h,0.17469935142089843,f,f,29.383695562196056,f,g,14.670057583365992,84.21086221292752,+
a,45.0,18.47139095698832,u,gg,?,v,0.32540496232958716,f,f,75.59273449972372,t,p,84.09248945898514,59.34860053966702,-
b,,39.54800280316568,l,gg,?,?,0.19944033701321995,t,f,38.25017306857343,t,p,14.62214884605273,40.98460987102419,+
?,,17.46500654553681,l,g,i,bb,0.6338154062299448,t,f,41.11609658463491,f,s,89.13436048800236,49.16877860337713,+
b,,84.87912527758405,u,g,c,v,0.5690669982420896,f,t,67.27125264867702,f,g,44.9521172595703,87.26121748775853,+
a,30.0,29.819487787559883,l,gg,d,h,0.38258882367092006,f,t,78.42857717404688,f,s,54.980525937269476,30.139837741718246,+
?,45.0,59.856435015830996,?,gg,?,bb,0.32583001993739447,t,f,66.68666361205591,t,g,89.65813359639887,15.926169434109438,+
b,,50.28430619990868,y,p,?,v,0.23761420019464252,t,t,89.98795205711521,f,s,29.9913048477067,14.081921813379516,+
?,,5.188207759399221,l,gg,?,bb,0.5354583089593412,t,f,28.515902951006733,t,p,18.182699624115152,82.69946099050004,-
a,60.0,94.22337194911663,u,?,?,h,0.9189027643456883,t,t,90.06167321019494,f,g,44.575162081945365,76.14856863300977,-
b,60.0,52.72259782504833,y,p,i,bb,0.6857030513889372,f,t,13.08635259433787,t,g,24.436722852770675,49.76453410463415,-
?,,32.50576433918153,l,?,c,bb,0.7444147140355674,f,f,65.95303190299806,t,g,52.78439115403171,27.487142809215314,+
?,60.0,15.812656963306825,y,?,?,h,0.8343778636564078,f,f,54.76306513801775,f,g,27.525786444431645,67.76131755426114,+
b,60.0,33.852663472683574,u,?,d,bb,0.35163497333784877,t,t,49.46359404155894,t,p,86.4489535595457,3.843309743246981,+
?,60.0,2.05116030233895,?,gg,d,v,0.06287578211448763,t,f,31.09120288621783,t,p,60.732459225772594,56.82278156666614,-
?,30.0,36.35581553482977,?,g,cc,bb,0.6225588033216443,t,t,50.37327453082342,f,p,0.02406697429022664,39.842516873946366,+
a,,53.14859273045048,l,g,?,?,0.18867229122803264,f,t,16.177335638470325,f,s,80.54737346798248,97.78596338119685,-
a,,87.18662458509448,?,?,?,v,0.5690436499956663,f,t,36.93209442116756,t,p,33.02123367261459,50.7560249110526,+
a,60.0,68.73744176977976,l,gg,?,bb,0.7395102331570648,f,f,9.86809174838774,t,s,32.02079841549571,55.22677524502678,-
a,30.0,11.15823131332414,y,p,?,?,0.7836383021478366,t,f,57.184659978631956,t,s,38.30628121344674,71.23626634428192,+
a,60.0,14.77463244379611,l,?,?,?,0.30183912024751547,t,t,9.576788619962695,f,p,63.02625280840807,48.45384811256467,+
a,30.0,42.812336781837466,l,p,d,?,0.5124332325693152,f,f,16.03446439051657,t,p,44.2060710394223,22.456861927675142,-
b,,19.570775163878785,l,p,c,bb,0.6209650962771923,t,f,8.54668014874813,t,p,62.863554656970244,53.727784654844804,-
a,60.0,2.7849777582755753,?,gg,c,h,0.8194807217006219,f,t,38.13106399520779,f,s,14.678072163579237,94.42688708907204,-
?,,80.50148801180703,l,gg,cc,?,0.7613886651049474,f,f,84.19584544183485,f,g,97.01644645240857,40.991098816847185,+
b,30.0,1.9522570697994124,u,g,d,h,0.9879753209773703,f,f,90.68963916338278,f,p,72.9606287083864,67.9640954999673,-
?,45.0,83.06896051980141,l,g,?,v,0.008084676530010881,f,t,7.188945460001339,f,s,25.020710717838302,97.8034188885685,-
a,30.0,14.410396303296602,y,gg,c,h,0.437489440863133,t,f,63.4550140861627,f,s,72.41699080747759,82.99223129834905,+
a,45.0,97.46784108071161,u,?,i,h,0.25604448637612787,t,t,68.43854245920734,t,p,57.502545626163936,65.90341330833238,+
?,,60.38739118261901,y,g,i,h,0.11989338714487341,t,f,53.37699424320241,t,s,10.918899640351466,73.59964883305143,-
?,,73.49829716298954,y,p,i,h,0.9115153281671846,t,f,66.6984861469546,t,p,17.81964267881261,93.6483248017075,+
?,60.0,11.048362796806488,y,?,?,h,0.9979620660956863,t,t,23.369071544309527,f,s,4.130814192146481,95.97521044003567,-
b,45.0,86.21040734514801,u,p,?,v,0.18059620790472364,t,t,48.964421181901606,f,g,80.92380716746811,96.89681303219957,-
a,30.0,83.91923428715384,u,gg,cc,v,0.0384333928013636,f,f,39.08758490358285,f,s,55.1704752595235,62.5641628202522,-
?,,65.29927315417177,?,p,cc,h,0.27505444768050036,t,t,8.970795143963105,t,p,31.674864865021192,38.471164986523654,+
a,45.0,50.22748645953874,u,?,cc,h,0.8348619180663956,t,t,62.555643972248895,f,g,12.634490202820004,13.315312895629994,-
?,30.0,72.14891731316725,l,gg,i,?,0.29389008319931675,t,f,49.52151926715462,f,p,48.40458759603792,38.55480013404029,-
a,45.0,0.5928215336878151,y,?,?,v,0.05690148049762156,f,t,27.51740269025832,f,s,52.526134671793876,94.2955454735619,+
b,30.0,59.244075539845944,?,p,i,bb,0.0524921839530299,t,f,47.368526040337144,t,g,70.19485009805054,88.97970805923896,-
a,30.0,84.74061349292366,u,?,cc,v,0.4274228023694364,f,f,77.5298018397503,f,g,96.99372104470915,52.365966206287865,-
?,30.0,35.68998871747549,y,gg,?,bb,0.9318257230616197,t,t,80.16577628080638,f,s,43.49455304073747,53.700728659392404,-
a,30.0,10.828935648291683,u,p,d,?,0.28592044163963193,t,f,64.9526128749369,t,g,40.60342065943693,30.89203495949695,+
b,45.0,42.087724974320615,?,p,c,h,0.42715768070104376,t,t,46.77478334001638,f,g,36.99300045901225,45.450789007048144,-
b,45.0,72.7104449058507,u,g,c,?,0.10193380538260854,f,f,57.5749639203848,f,g,82.6923908966861,71.4448493939395,+
a,60.0,10.730121037067253,u,g,cc,h,0.49357279326898107,f,t,38.50153713556171,f,p,15.631722139923788,40.24307256477919,+
?,45.0,20.604856021289,y,?,i,v,0.696547064285704,t,t,12.655634299423824,t,p,34.381290363508946,18.798387207603383,-
b,45.0,14.755184682869993,l,g,d,h,0.2711503611772196,t,f,38.562059738609186,f,g,72.4970804875391,54.08595788250777,-
b,60.0,79.69477555752249,u,g,?,bb,0.29671130852868477,t,t,53.03327560696343,f,s,1.569493534244648,22.533691145432797,+
a,45.0,6.2892622452486835,?,g,i,bb,0.8419750254062712,f,t,59.883401465058405,t,s,28.938072360569468,97.42875560126001,-
b,30.0,68.6586502114433,u,g,cc,?,0.010363722347177085,f,t,93.58009760546209,t,p,64.14471627547098,39.03399140119541,-
b,,36.64569207531913,u,gg,i,v,0.636470708550097,t,f,77.73334450306162,f,s,18.595209800080468,90.96649716091162,+
?,,75.57912428853022,l,gg,cc,bb,0.39388463494161696,f,f,15.199256144467732,t,g,30.27105691242712,22.55539966036243,-
?,60.0,96.43834187840376,y,g,c,?,0.298380513561469,f,t,17.418220665292804,f,s,48.60450744832292,18.920900530577644,-
?,45.0,11.45452995864823,?,?,c,v,0.6575938322438771,f,t,10.049475923975404,t,p,42.20235659696871,61.690112903973734,+
a,45.0,31.438504106745846,y,gg,i,v,0.8346685217897052,f,f,73.81817272209177,f,p,10.602718995537884,77.93790783033207,-
b,60.0,81.0125427718857,y,g,d,?,0.5583921163286737,t,f,70.6122278491857,f,g,93.82353222556326,56.67645638523757,+
a,,26.61583860511765,y,gg,?,bb,0.03109462194305601,t,f,98.63629016968811,f,p,4.429272058209277,22.97956836052594,+
b,30.0,21.51205970460409,u,p,cc,bb,0.46140119082557607,f,t,52.20234176643487,t,p,74.9742756422818,3.789436288399606,-
b,45.0,82.53779778689717,l,gg,?,?,0.4627599408939731,f,f,82.6414928848882,t,p,7.142277109115747,61.82888211910051,+
b,60.0,98.70823640059703,u,gg,c,bb,0.5437984948046078,f,t,57.643985864278754,f,s,46.729580302507934,13.10372253655483,-
?,30.0,55.68805901479658,?,?,d,?,0.6709589010435523,t,f,87.4086712527437,f,p,17.541129165541104,34.31763870323312,-
a,60.0,27.804874833333926,l,gg,d,bb,0.019318403534340445,t,t,72.10210393027515,f,s,14.109779642892528,67.57847536712315,+
a,60.0,39.856596160005395,y,?,?,bb,0.5020126243997505,f,f,64.28840149912529,f,p,12.589797654172507,9.802344058293189,+
b,60.0,17.0130327383609,l,p,c,?,0.5883077693805907,f,t,56.51226709830504,t,p,45.27866366953424,12.72514797839558,+
a,,76.18872788907525,?,g,?,?,0.34335338641605195,f,f,72.29705244429748,t,s,51.54849093872923,6.166620730740413,+
?,,77.34740178227679,u,?,i,bb,0.6683652265904331,f,f,41.965384267101044,f,s,13.338449354283988,99.60791289068266,+
a,60.0,87.51209923824945,u,gg,d,?,0.22817771712917112,t,t,9.657658070566411,t,g,97.93957302662395,38.707676860158124,+
b,45.0,2.6602563596563877,y,gg,d,bb,0.3173723330674516,t,f,3.9986128797840803,t,g,25.77658868622231,90.57951677346345,-
?,30.0,56.19813416263793,u,?,i,h,0.962755347424326,t,f,47.90237316091739,t,s,45.88413396027832,29.35856384242821,-
?,45.0,21.42554343431844,u,p,c,v,0.3480703708611401,t,f,59.92915822201413,f,p,21.626955760190803,75.32025651404958,+
b,,34.08830154923571,?,g,d,v,0.346500887365745,t,f,7.884903057062543,f,g,49.39226454495456,21.90666163123789,-
a,30.0,78.49556152865075,l,gg,cc,bb,0.5956806358231153,t,t,28.690354891210223,t,s,75.6016582465182,49.83247096482503,+
b,60.0,19.203365236149615,u,p,cc,v,0.9709753298600602,f,t,32.20322059754871,t,s,52.11020142944952,82.46157392957795,+
a,45.0,63.83417505810897,?,g,c,bb,0.9830804459530004,f,f,56.27955352082512,f,p,28.564887071805522,81.63343988950827,-
a,45.0,65.45661912235981,?,g,i,?,0.5796579636763161,t,t,27.848245604278908,f,s,24.83966087339381,79.42807173626744,-
?,60.0,95.40939149023006,y,gg,?,h,0.001087019804932532,t,t,9.564859955600669,f,g,75.89344062270534,82.37344130385529,+
b,45.0,77.5160928528937,?,?,c,v,0.9006565507683997,t,t,16.48567409465501,t,p,11.823817572626327,21.147228130587926,+
?,,80.36351471536935,y,gg,?,v,0.5702379645770481,f,t,17.39478016041932,t,s,36.99664944058695,48.221627256038644,+
b,60.0,53.16007490178934,u,gg,c,?,0.36599640828993585,f,t,84.26949442227615,t,s,15.148271665388535,48.487147459715864,-
b,45.0,18.678080716237066,y,gg,cc,h,0.8291951410159383,f,f,28.431968697829145,f,p,25.797582929448193,89.05024873479125,+
?,60.0,42.55633657183516,?,p,i,h,0.39983245935020506,f,t,71.46917339147569,f,p,15.26832324849522,29.68918293994288,+
b,30.0,54.94895735118204,l,?,cc,h,0.03404450620026467,t,f,56.78387463393057,f,p,88.67725085424267,93.14958933890483,-
b,60.0,67.84192517137123,l,p,i,?,0.8210722230570188,f,t,97.7038753616442,f,g,73.19041990130319,45.0795736306099,-
a,45.0,60.77091118319272,u,gg,?,v,0.5458594010197623,t,f,27.282266888020224,f,g,56.09272460442614,66.97870031774188,-
b,,39.397782891724354,u,?,c,v,0.3381435382241962,f,f,15.837302052920021,t,s,22.44252224955331,26.888311227933436,+
b,60.0,26.531310699584143,l,g,d,h,0.2508923763538512,f,f,5.203783769456038,t,s,51.02268271991949,41.02981068313073,+
?,60.0,16.82308432036831,y,?,d,?,0.5937974594154256,f,t,24.095966228128052,t,p,52.08332064475724,70.98009320691403,-
?,45.0,69.38453862722663,u,gg,i,?,0.20804954822510013,f,t,68.40708864153926,f,s,59.04037256539062,51.27471418510093,+
b,,64.5398674312485,?,?,i,?,0.3238508865570032,t,f,8.525822463686062,t,s,6.0085157222731445,93.07080116883338,+
a,,68.73724657578066,u,g,cc,h,0.6365303094139836,t,f,24.470184514965855,f,p,97.29019711967062,73.71249658974774,-
a,30.0,37.252745280279484,y,g,d,?,0.881544450405932,t,t,85.5308368184012,t,g,46.543897060032315,56.44029255105999,-
?,30.0,26.240782257074503,u,?,cc,h,0.5328903283915988,t,t,58.295294936452024,t,g,92.65317740991033,88.66697566522082,+
b,45.0,75.97213286809253,?,g,?,h,0.7591063982990925,t,f,6.952154025319546,f,g,0.9808114713976357,66.55563887887443,-
b,,77.36473950553341,?,p,d,h,0.7630606037630419,t,t,4.768314424976328,t,s,24.75583956353089,64.73204734204323,-
a,,45.56163739668406,?,?,?,bb,0.6643539526593868,t,t,6.112287532576688,t,p,10.399557031333561,24.63713331476273,+
a,30.0,61.190408476732415,y,g,c,h,0.24583833768051766,f,t,94.18750501472528,t,g,76.96161773547716,39.48569655282109,+
a,30.0,37.35196642317412,y,g,cc,?,0.8667885981502419,t,t,84.98714285610546,t,s,32.01250495947112,68.33036526040215,+
?,45.0,70.19472001198068,?,?,i,bb,0.4362756556395665,f,t,84.49400420187747,t,p,84.04925084157469,89.17917114831579,+
b,,83.57215966478712,?,p,d,v,0.04421074393570057,t,t,92.42167622435458,t,g,83.2385365715857,31.55474736449152,+
?,60.0,68.82332773356494,y,?,cc,v,0.24461267006952514,f,f,50.52553902509103,t,g,66.77947928065699,21.54856219429847,+
b,30.0,51.25826268471365,y,g,i,?,0.7655483540993158,t,f,24.7344671143344,f,p,66.57818035439772,59.36959788158558,-
?,45.0,45.86579594923703,y,?,c,?,0.06913333581748937,f,f,40.134800423851814,t,s,70.0159692073135,6.719709810271313,-
b,,64.23196509757443,l,g,d,?,0.1473644021549112,t,f,71.88640728838108,f,s,67.37638346297746,71.45417014500052,-
a,,67.98108916013302,y,gg,?,?,0.6942268160417044,t,f,87.60328715212651,t,g,38.69083576843491,70.31385432874808,+
a,30.0,55.8729443524539,?,?,c,bb,0.8926007897275405,t,f,43.50909266995243,f,p,68.2827644568546,35.49660309861551,+
a,45.0,62.4942275107395,l,?,i,?,0.6337320050576368,t,t,53.53809553820612,f,s,89.74069691923586,89.26776533449016,+
?,60.0,9.658868249453223,y,g,d,h,0.2222910538295546,f,t,93.17829932762533,t,p,33.25734918766236,50.21811415391275,+
a,30.0,95.17655161423268,?,g,d,v,0.05341376324954861,t,f,10.749863710942908,f,p,94.48890262149536,64.57649506929368,+
b,45.0,79.0773063732034,u,g,c,?,0.6151265825503117,t,f,86.2299216974124,f,g,1.3581587898769731,20.957848193833783,-
?,,37.39278697067838,l,g,d,h,0.04739857793116398,f,f,15.930748225193591,t,p,34.90825382652372,41.734033516000004,+
b,60.0,56.281261095363,?,?,i,?,0.612722051941757,t,t,48.386135029062025,f,p,13.20984017287402,86.2417540269768,-
?,45.0,4.732453013642135,u,g,c,h,0.22557994416109506,f,t,21.842312866305956,t,p,12.661982904502366,21.29395476323428,+
b,60.0,4.122781399906039,?,?,?,bb,0.9046560624088297,f,t,60.29476306906042,f,s,81.54294940115683,39.05743775924688,-
b,45.0,25.07983351119627,y,p,c,v,0.47509266848736187,t,t,55.857342170826605,f,g,91.83683147501229,31.807654442812993,-
?,45.0,68.97016423646232,y,?,c,v,0.22393843330969565,t,f,38.000736424075185,f,g,77.77582542329856,15.111018486478011,-
?,45.0,85.21477478000116,u,g,?,bb,0.8531453165585916,f,f,86.33035148451243,f,p,97.66157189925599,28.971791812753555,-
a,45.0,55.91858799798484,y,g,i,h,0.25403539844750833,t,f,65.98133202880598,t,p,21.632897016627073,23.277228357521672,-
a,60.0,53.21327395823524,?,p,cc,?,0.3065990765248755,f,f,72.12051249619437,t,s,14.079991220969045,92.35936304613274,-
b,30.0,40.2309533791466,u,?,cc,h,0.8342778990554557,t,t,15.065973820766853,t,g,52.070378203961354,74.1078804542796,-
b,60.0,16.159795595802116,?,p,?,v,0.30879202980059595,t,t,88.31656779756176,t,s,82.9037614742618,31.610158178282433,+
b,45.0,11.835410132658753,?,?,i,bb,0.41016376923063735,f,f,16.704016362001838,t,g,3.98390908380597,76.33390532427097,+
?,60.0,76.06797612209661,?,g,d,bb,0.34766567075886656,t,t,22.27849642099602,f,s,99.5565660999882,2.2139953033871396,-
?,60.0,92.75035512965756,y,?,?,h,0.11640031783037585,t,t,12.805513849688044,t,p,60.22459292053228,52.652471077113994,+
a,60.0,45.828321638627315,y,g,cc,h,0.038895812246826145,t,t,44.035920796881555,f,s,97.89418121813775,25.03345637346731,+
b,45.0,65.94456587156382,?,g,i,bb,0.7245406740609813,f,t,88.77092317523098,t,p,36.508163323377694,11.432207180851417,-
a,60.0,91.44576508809412,l,gg,c,v,0.6451371239357206,t,f,25.244751960985955,t,g,45.802382053358926,88.37585283384885,+
?,,9.011363293414455,?,gg,i,?,0.2823660675520572,f,t,37.37534204229532,t,g,75.23614423973922,19.934053426257258,-
?,45.0,77.04814531190299,?,?,i,?,0.2955991249848785,t,f,84.6066420075422,t,p,79.27004505613186,82.23910929462824,+
?,60.0,61.68168843755751,u,g,cc,h,0.9450057830086813,f,t,61.78152797588892,f,g,23.303305335024028,41.32226774917712,-
a,,59.86371788298614,?,p,cc,bb,0.9876711272334922,t,t,75.16163936462769,t,s,92.98010863077228,1.429077004070034,+
?,60.0,29.25404284815698,y,g,d,bb,0.4734349032336935,t,f,21.400004943611485,f,p,86.74231218347286,73.25328293010253,-
b,30.0,68.38933547776769,u,p,d,bb,0.8024517454814937,f,f,71.64898633325755,f,g,1.8205303103198567,59.635975821936796,+
a,60.0,79.47977548207766,l,?,?,v,0.7366858758693654,t,t,22.761057864177246,t,s,12.856810585518307,34.41718831678193,+
?,60.0,11.285816494369715,u,?,c,h,0.29731770951204695,f,t,98.7313982210661,f,s,49.60971064070674,28.15459339262634,+
a,30.0,53.35214309809838,l,p,d,h,0.058562710520478345,t,f,55.98861561267373,f,g,46.09555141131827,7.369125237043472,-
a,45.0,10.126518098740966,u,p,cc,h,0.14255625713494002,f,t,69.5639258043137,t,g,70.83908550348353,94.14255948352722,-
?,30.0,87.25740192976446,u,g,i,v,0.8382941170007634,t,t,11.840158414150281,f,s,8.971137605303403,49.398488469208566,+
?,45.0,50.76367226563473,l,?,?,h,0.7312138199962811,f,f,25.065598004156953,t,p,64.48553066971266,8.552451757610802,+
a,30.0,80.79656892607574,y,g,d,?,0.6643348444622779,t,t,13.974065956435433,t,g,61.63699311345824,86.86797177444706,-
a,60.0,36.808563766621425,y,p,i,h,0.13064883169664832,f,t,39.017071527172305,f,g,23.361959847804435,27.88331728178167,+
?,60.0,12.507822681632542,y,gg,i,h,0.6399306874505247,f,t,28.41358642053985,f,p,54.239396426839946,20.360271573465482,+
b,45.0,4.149930438571148,u,gg,d,h,0.7721523314931155,t,t,73.29222596305692,f,p,22.220720699598196,28.093743834221875,-
a,45.0,28.15096207723755,?,gg,c,v,0.8606017498602906,f,t,10.870897962815118,f,g,14.692302710060634,56.45714586071114,-
a,,24.423370036407853,u,p,c,?,0.013231279193618217,f,f,75.20593684503683,f,p,57.31349346540705,7.40564844970365,+
b,,56.035197401996186,?,g,?,?,0.6844751018784777,t,t,4.570482463858749,f,s,97.74742783005703,48.17569091226764,-
?,60.0,2.1738838063707355,?,?,c,bb,0.019097655603204422,t,f,20.201783732239242,f,s,23.693334917174504,89.57434451243125,+
?,60.0,52.057054429917336,y,p,?,bb,0.7068728455434385,t,f,79.1964991964603,t,s,35.53361493551519,18.817159584612387,+
b,,39.177174201200316,?,gg,cc,?,0.6356213647320048,t,t,74.27766411078949,t,g,25.657322599004672,33.11887721522439,-
?,,57.71222699144422,u,g,d,h,0.1483478629189725,t,f,47.632611391886336,t,p,26.645982164649475,39.61219650516527,+
?,45.0,70.24175281503646,u,?,i,h,0.7661217513451303,t,t,4.998271507755181,f,s,40.419213418668065,58.62207115272452,-
a,30.0,63.4091945079839,y,?,?,h,0.06834761818969115,f,f,60.989374166929935,f,p,70.18555106506201,91.92542465263115,-
a,45.0,98.46443693733663,l,p,c,v,0.8263987737446334,f,f,40.67241039740984,f,s,3.8804524030945142,39.45392082424255,+
a,,13.826534387687106,u,p,?,h,0.261929244848229,f,f,31.652815019796975,t,p,95.71241956855602,6.915284067776362,-
b,60.0,42.97370089297785,?,?,?,v,0.688851862300665,t,t,64.04106368265342,t,s,4.6279879489247495,34.79508614309924,+
?,,42.483073664331116,u,?,c,?,0.9236893410218703,t,f,43.66145622017263,t,s,88.12531819445597,19.00854125998448,-
?,60.0,41.705320370292064,u,gg,c,h,0.33982702467344894,f,f,9.242110045317864,f,s,89.43780987619989,65.17744788191034,+
a,60.0,66.37983920426683,u,?,d,h,0.5028940779404192,f,f,91.59504705123443,t,s,52.44891875915233,2.9262109167332184,-
a,60.0,48.982806054672245,l,p,i,bb,0.46311803395045037,t,t,77.8493099453379,t,s,13.699682861896745,29.192997107307338,+
b,60.0,51.74325598129631,?,g,d,?,0.1576113490628681,f,t,5.637819129055243,f,s,56.51459705569438,54.51735072326199,+
?,30.0,43.23559921467647,y,gg,d,h,0.5903120104907617,t,f,52.50638701906956,t,s,62.86321599028497,27.733420604955427,-
b,,99.16994610185625,u,gg,c,v,0.743001918520948,t,f,8.33775628986283,t,s,85.77589578071112,55.09952833452542,+
?,45.0,92.75613488190422,?,?,c,?,0.9168748289238192,f,f,83.7289859058485,t,s,55.08953757695697,11.471232218718319,+
b,60.0,30.772418936437095,?,g,i,bb,0.8508026016495128,t,f,61.301396105197185,f,p,41.07093959033382,94.28054879896224,+
a,60.0,11.159392476666719,y,gg,?,?,0.5100193797280317,t,t,17.244913357306846,t,p,83.82911938541139,29.090680732988673,+
b,45.0,83.97647240386028,u,p,d,v,0.7190171545119348,t,t,2.074134280620077,f,g,98.0951797352619,92.30008393898834,+
b,45.0,99.71702514257245,l,?,i,bb,0.8007834133738928,t,t,3.1581012146420617,f,s,64.51032051579332,32.58354395041454,+
a,60.0,29.26088940396455,?,p,d,v,0.4934887137383488,f,f,50.736547206482975,t,p,87.43870373028095,78.18401911729877,-
?,45.0,35.778492584176625,y,?,?,?,0.11542756070426774,t,t,73.43734786767739,t,p,59.87351128290642,24.618735746125296,-
?,45.0,94.16331814852029,l,gg,d,bb,0.43793076384737084,t,f,12.084045133395914,f,p,68.97879914103056,66.97689023896012,-
a,30.0,71.11295180030899,?,?,cc,v,0.8424780382015649,f,f,22.128406591495754,f,p,68.81671175489188,32.371621382276714,-
b,45.0,29.563833177963616,u,g,i,?,0.596641405393735,t,f,32.72599451695323,f,p,70.47869868402653,50.91591292096588,+
b,,58.10464912839151,?,p,c,v,0.724458377009339,t,t,21.8076782061153,f,p,32.10134439286336,67.38141457636807,+
b,,94.4229579364256,l,g,d,h,0.18526802215258753,f,f,39.13365626871587,f,g,57.56613962717123,58.88825052029606,-
?,,81.18131069457786,l,p,i,?,0.9643377682110057,f,t,55.96150057650762,t,p,59.41355839737954,57.62805932836943,+
b,60.0,74.18327137286596,u,p,i,bb,0.4040805294933094,t,f,68.49367482413092,f,g,31.507162671323197,6.568083565761729,-
?,,73.69963117270224,u,?,d,bb,0.653635522717729,t,t,96.37751822072285,t,g,34.98523677036637,24.90768321715918,+
b,30.0,17.802032429227033,y,gg,c,h,0.018872254590605264,f,f,93.08436696831946,f,s,76.22467650167147,57.18392898565416,+
a,,82.46812392279365,u,gg,c,v,0.12731926225529133,t,t,57.01269748289145,t,s,58.272384061724914,1.831720721572505,-
a,60.0,27.611863244345813,y,g,d,v,0.782034269884919,t,f,73.41500564563546,f,s,14.921114796316859,25.064425511597964,+
?,30.0,93.03666579015295,l,?,i,bb,0.9679694455202547,t,t,95.08722046254279,t,p,83.76369886828724,22.918523943119673,-
?,,36.4639991013783,l,gg,c,v,0.3200553550554782,f,f,8.347194454140483,t,s,88.31142870743197,24.985611016083443,-
a,30.0,85.76603970422565,?,p,d,?,0.03718073494126484,t,f,0.5634759861429139,f,p,46.61411479578141,53.56094995666537,-
a,30.0,26.623349451780143,?,p,d,?,0.36086660198013754,f,f,2.979976372958326,f,p,20.890743202292693,58.19603540191925,+
b,60.0,51.45269365822405,y,?,d,bb,0.017468130279002625,f,t,56.33493623729638,t,s,94.76064954049053,90.89979943728113,+
a,60.0,10.688529548906056,u,g,i,?,0.19237309226246913,f,f,76.28334253025342,t,s,88.22695645195763,38.60310490262192,-
?,30.0,66.0118902996174,u,?,c,bb,0.7524720150537384,f,f,36.70749507450346,t,g,24.438174634183852,92.65789171431258,+
a,,83.60792751668383,?,g,i,v,0.9370883981064961,t,f,54.523917472761866,f,g,9.559373630269741,65.19543449841703,-
?,60.0,71.8447281302416,l,?,cc,v,0.08744908436888665,f,t,51.63663185485369,f,p,44.06536075491068,91.26603959005557,-
?,30.0,52.32585129386573,y,p,c,v,0.5579007788105093,t,f,9.477089159201956,f,p,67.63969864937395,83.34721016800484,+
b,45.0,4.51158786014595,l,?,i,h,0.25388084612403194,f,f,32.15882642240489,f,s,17.538858521994406,68.75824434076875,-
b,45.0,93.34410071708584,l,gg,c,bb,0.13905912579392954,f,t,1.9435155182301989,t,s,51.3212658431748,35.610589951895946,+
b,60.0,70.54895485786346,u,gg,cc,?,0.21898022989155752,t,f,11.070568880651088,f,g,42.54154942725167,24.11104476852185,+
b,,74.5864238365333,y,?,?,v,0.5777630674977074,f,t,81.18582229097778,f,s,89.05511487694656,22.23914355120322,+
a,45.0,79.46805755108072,l,g,d,h,0.06513450144396105,f,f,82.9413497248319,f,p,42.95666328071286,95.21738374562813,-
b,45.0,74.77434259276107,?,g,i,?,0.4342185961684175,t,t,80.19463200450697,f,s,53.37763937350376,95.8573843129358,-
a,45.0,44.11161640983337,?,p,cc,?,0.13522785095516388,f,t,72.68186409522366,f,g,95.52861960018222,72.48313735243089,+
b,,73.36218292879468,u,p,cc,?,0.2726770523944815,f,t,79.33128463999017,t,p,29.96917658745646,88.37959840764773,+
b,,62.50267878103289,?,g,c,v,0.1907543297432639,f,f,67.09823412695184,f,g,28.899093194194137,91.89961630790606,-
?,60.0,85.40163336687866,?,?,c,?,0.8829754998308972,t,f,66.98333388162887,t,g,79.95950799420427,51.15561965193122,+
a,60.0,80.24598153373704,l,p,d,bb,0.7080113308712895,f,t,66.7361797491808,f,p,27.753898614396867,62.90596906251722,+
?,45.0,4.1374382467259885,?,g,c,h,0.8684625789474705,t,f,51.40427896782042,f,g,83.1865870073205,41.875449792021456,-
b,,37.888709033260525,?,g,i,?,0.3834628345476925,t,f,36.334723346484445,f,s,9.553560936164496,41.84907642852631,-
a,30.0,3.4716152183894566,l,?,i,?,0.3134133648536701,t,t,73.01952661615549,f,s,11.12612473094684,3.842891864461462,-
b,45.0,10.207492476609792,u,gg,i,bb,0.38058719489776704,f,t,29.864601358674157,t,g,90.13233741627718,43.38214604848055,+
?,60.0,60.14107220036114,u,g,?,?,0.018548195724407468,f,t,54.290213147761925,t,s,54.08122824824353,67.34898115131833,-
a,,87.38218211622534,y,p,i,v,0.7247042751485582,f,t,43.335562021788135,f,g,71.88142666942387,42.19821661065711,-
?,60.0,11.982475870926724,?,?,c,v,0.3497724568950783,f,f,27.662227709370114,t,s,22.528889186254432,87.24096768769564,-
b,60.0,45.108928746683155,l,?,c,v,0.3133238035767917,t,f,97.46899204524632,t,g,16.62743683821083,33.25629524070182,-
b,,91.08789048064438,y,?,i,?,0.5981410653705329,t,f,25.875164520181947,f,s,83.49542622326402,13.268204656084947,-
b,45.0,81.43009836715878,u,gg,cc,h,0.4362499117098164,f,f,30.929306372303,t,p,35.86234070232488,81.15586907290594,-
a,,51.96678964659299,u,gg,cc,h,0.9808433682238985,f,f,16.158750175806823,t,p,45.50326191219944,67.3947918328592,-
?,45.0,77.1571439328831,l,p,cc,?,0.35625304289880133,t,f,82.29806253142905,f,s,2.797189727535898,24.181948232058183,+
?,60.0,52.2693774044537,y,p,d,h,0.6138958422079134,f,t,58.65894005544894,f,g,38.58807341929664,53.645125604223296,-
b,,15.809233728284877,y,?,?,h,0.31165110060965173,f,f,61.303925647238565,t,s,77.04378081249784,40.185233859379245,+
?,30.0,12.47361132216791,l,p,i,?,0.9905949802106567,f,f,82.05614117990979,f,g,82.12751772861694,93.88597764356578,+
a,45.0,18.836823206706978,l,g,d,v,0.44511103472012814,f,f,34.29196586298794,f,s,69.87547888825418,60.7332090920629,-
b,30.0,35.092209496567946,y,gg,cc,?,0.634128810866803,f,t,19.363342538021378,f,s,69.21797335437422,15.83892611869916,+
b,45.0,93.05292676740187,u,?,i,v,0.12672167095267706,f,t,19.840536399390395,t,p,50.62392665971579,50.214845263698514,-
b,,79.96784136536014,?,?,d,v,0.7330242148636581,t,f,73.26198214622593,f,g,53.832932925982306,86.25568325238507,+
a,30.0,43.28015612263175,u,g,c,h,0.269210057875622,t,t,61.41151544624475,f,g,74.26317468131435,67.14966700324617,-
b,,49.3076709787574,l,g,cc,h,0.4486132528296719,t,t,20.633887858208887,t,g,24.730179882772283,84.24520760986563,+
b,45.0,26.560945766641485,y,g,d,v,0.8831330623274579,t,f,14.506539464042357,t,g,23.1517068246056,25.039931386564028,-
b,45.0,70.43529564721301,y,g,c,v,0.9705525148851014,f,f,12.068730516197279,t,g,94.99248239140546,88.83513770475419,-
b,45.0,80.2765671462038,?,?,cc,h,0.424572101840357,f,f,62.779864770303774,t,p,2.7689886758775373,75.56113318241721,+
?,45.0,23.890469566757655,y,gg,?,bb,0.8348026679544999,t,t,0.011864491085000761,t,s,13.946546366518152,72.89137554380787,+
b,60.0,4.182162378646536,?,gg,cc,v,0.05334899454986075,t,t,1.8319342603543731,f,g,57.0332426201248,34.65410697635244,-
a,45.0,62.38889431629704,u,g,?,v,0.8475740297902625,t,f,38.955313562609525,t,g,73.78348386983485,88.76580637605281,+
b,30.0,56.25121191353166,u,p,?,v,0.6295103221526497,t,t,69.13498642761624,f,s,53.789108298501176,63.797937739321654,-
b,45.0,40.21311550288764,y,?,?,h,0.48870616839160197,t,t,69.5039376497404,t,p,35.506399616488416,85.18394768628025,+
?,,64.38939417732101,y,gg,i,?,0.8899637051372478,f,t,43.01182736076906,f,p,97.79761193529676,36.09714559862718,-
b,60.0,55.06132979851436,l,g,i,v,0.8453372225064139,f,f,69.10736066045696,f,p,70.38526851328459,14.56520910643565,+
?,30.0,25.05815765941928,l,p,?,v,0.296945095953572,t,f,52.10961795801254,t,s,83.13908410670791,33.233718022032235,-
a,60.0,39.772897562272234,y,p,c,v,0.7914883823447575,t,f,97.69314167973153,t,s,4.024687418820405,45.52643473751825,+
?,60.0,42.81135697472417,y,g,?,?,0.0994909336623726,f,f,16.246021383683306,t,p,23.592011047338367,53.34073751454924,-
b,60.0,88.02479944755636,u,?,d,?,0.8227639354673701,f,f,60.066726770560564,t,p,37.417109359158005,51.080921571153745,+
a,,96.09041541289595,y,gg,?,v,0.6754556180232505,f,t,49.12387759510036,t,s,18.260139808227805,54.60545924365644,-
b,60.0,89.3001362396497,l,p,i,v,0.08786633093194274,t,t,19.446634465769442,t,p,7.2899272709147205,84.17057652229475,+
?,60.0,71.91780240519796,u,gg,i,bb,0.6830801734741354,f,t,74.99904321417034,f,g,22.509166459468023,17.01012461881699,+
a,45.0,58.49927336058218,?,gg,d,?,0.5805192766763702,t,t,27.550801993199524,f,s,53.36356312370426,31.605129516887086,-
a,,68.9261635465955,l,p,d,bb,0.5945501011450448,t,t,38.17098190935416,f,p,69.57452483567053,88.86084904354514,+
?,30.0,93.91092207326889,l,g,cc,v,0.29086393512969855,f,t,37.483056958753004,f,g,77.4020922965081,56.04582045583303,+
?,30.0,24.999873522383176,u,p,c,v,0.26649720001284527,f,f,24.42044731879488,f,s,4.2936154867717065,58.338987036957214,-
a,30.0,53.51205076734049,?,p,c,v,0.76253511205402,f,f,43.070533169840516,t,s,42.798617221259114,47.80625446139523,-
a,,68.96080190004079,l,?,c,v,0.2568134810172391,t,t,47.334588092761834,t,g,12.221158358536732,54.89746349861391,-
?,30.0,67.92470013242746,y,gg,i,h,0.44626225180989865,f,f,74.42216728093075,f,s,43.120038644467186,19.80797305601012,-
b,,25.227895957683643,l,g,c,h,0.6947889985987847,f,t,76.50685743770372,f,p,43.39758491202951,54.68668994181283,+
a,45.0,58.67315273897519,u,gg,cc,h,0.07961625132743777,t,t,15.855596829166208,t,s,49.82116867122437,99.71731279111168,+
?,45.0,79.59131424201564,u,p,cc,bb,0.5945483826116572,f,f,59.27722993275321,t,p,89.28306262632394,56.60475729241843,+
b,,47.50789800502439,u,g,c,?,0.5893763726481173,f,f,89.61977982793955,t,g,80.50955026240895,4.440246560603034,-
a,30.0,79.3298076698735,l,g,d,v,0.6842287108880255,t,t,10.878660888456082,t,g,63.672084513639184,79.64356443506597,+
a,,35.988259775455475,?,g,cc,?,0.3699280953056586,t,f,47.291404453413854,f,s,88.54073229335307,39.64754287233876,+
?,,93.8760127163759,y,g,d,h,0.4489797740638397,t,t,75.03531224083427,f,g,67.84686165046233,15.367614850156187,-
b,60.0,53.3928440499101,u,?,i,v,0.32996931394469364,t,t,61.14913343823433,t,g,81.88549607630752,86.25198062266914,+
a,,59.59479507926143,?,g,cc,v,0.8081682471887758,t,t,10.058565659662388,t,s,56.37783009841266,19.79732555349676,+
b,60.0,3.1361568804588402,y,p,d,bb,0.13061076003613248,f,t,39.660612535097236,f,p,52.521825163090064,92.07673898585332,-
b,45.0,17.026913712859425,u,?,c,?,0.9629539535753299,f,t,50.723949821686396,f,s,72.40972427723847,44.17964904426055,+
a,60.0,63.29338804710447,y,p,i,bb,0.6348361559792174,t,f,99.58456017162729,f,s,1.9689311975751078,74.27908347497,-
b,,41.987037178227126,y,p,?,h,0.8869067243921759,f,t,17.860790932365276,t,p,69.03775716314235,54.69958503385205,-
a,45.0,50.81637904581747,?,gg,?,?,0.4262314582647643,f,f,98.24237671601125,f,p,93.45182184043647,25.662680391522784,+
b,60.0,6.297140873370044,y,g,c,h,0.33227907039199667,t,t,37.61497842294439,t,p,71.39420798267541,67.10901744959187,+
a,,83.41352384103843,u,g,i,bb,0.9007258101239835,t,f,20.032048607382137,t,s,3.67937242972185,95.7912550890148,+
?,45.0,78.45056022962173,?,p,i,bb,0.09887302887630278,t,t,41.4109082123996,t,p,37.78856407727239,76.96369667914125,-
a,60.0,18.53539757218495,l,g,i,v,0.1171072315052778,f,f,61.399512403481715,f,g,80.9581302271286,60.40179965751782,-
a,,63.432935725737934,l,?,i,?,0.29934677648467733,t,t,21.349739391099586,f,p,95.860855004442,99.06281082658566,+
a,,81.83152116542716,?,gg,?,?,0.9597749817663185,f,t,29.143908330212774,t,g,37.016335563637725,26.532666734268474,+
b,30.0,64.08541364156,l,g,d,v,0.633068609865107,f,f,85.45465017352898,f,p,84.1194055876908,6.234148790944738,-
?,30.0,31.039809529584485,y,g,i,?,0.5541936966153982,f,f,99.90094616688678,t,g,86.3809875301513,3.213086611593108,+
b,60.0,65.61111504781671,u,?,d,h,0.7053563363554206,f,f,31.81726914984264,f,g,12.328639932605,71.06878795587983,+
b,60.0,21.046174768321222,y,gg,i,h,0.4174745560781662,t,f,14.885680394994028,t,g,84.57884667186873,83.02323647341706,-
a,60.0,31.825499727942088,?,?,cc,bb,0.7580735014207992,f,f,79.31708199940417,t,g,32.42498956386151,63.51005374845266,+
b,,24.006965310717867,u,p,cc,h,0.3932306979728776,t,f,60.04556872751452,f,g,59.32377215654173,90.50265974431983,+
a,60.0,55.692510239020656,?,p,cc,?,0.8263631848564645,f,t,10.040114337560112,f,p,53.8962119356421,69.79760473399205,+
?,,10.822664676554862,?,g,i,v,0.26729508207650454,t,t,94.6771481436021,t,s,66.30538637361207,37.09546464090205,+
b,60.0,93.33103803483387,?,gg,d,bb,0.27754665929802425,t,t,7.804952839989198,f,s,74.04646509447302,18.12582916298816,-
b,,33.35123536628668,y,p,?,v,0.5223833054267352,t,f,62.535640163364114,t,s,44.08810976185801,92.46474785591563,-
b,,21.89701271058013,u,?,c,bb,0.4307611583617351,f,f,42.39372558935814,t,s,88.83108221491324,10.359714999747949,-
a,30.0,49.65498136018313,u,p,?,bb,0.6481158442846954,f,f,55.66239182399359,t,s,80.94984215615612,54.29884037464055,-
a,45.0,27.699781845471605,u,p,i,v,0.36429075467357896,f,t,21.321419566014445,t,g,78.54210926478598,31.40079252735116,+
b,,53.490408638264434,y,?,cc,h,0.23055064907036682,t,f,68.81103992506516,t,p,45.82468419342918,27.14150075196725,+
b,60.0,34.85091497820855,l,g,cc,h,0.46980856288290107,f,t,95.97196891333397,t,g,3.757288584461016,64.58348519168963,+
?,30.0,13.206681076904081,y,gg,d,h,0.5609564994971462,f,f,45.84258740449157,t,p,49.22564063789444,23.123693739103622,+
?,60.0,26.5895242027262,y,g,i,h,0.14260005382969043,f,f,52.295827756822725,t,p,89.8445534144183,91.63651067423957,-
?,60.0,43.84398449615252,?,?,?,v,0.5567186257331653,t,f,23.981167056888133,f,p,19.04501556075189,40.60439090991241,+
?,,3.0293226479625623,u,p,i,?,0.31925670524789684,f,t,89.18679837510811,f,p,98.25924720105878,67.7375346729679,+
?,,77.06425270147619,u,gg,i,bb,0.3924518848685079,f,f,97.11744051399582,t,s,80.76906200131714,72.77557173285845,-
a,45.0,62.18245645904158,l,g,cc,v,0.27931812906328124,t,t,78.62968850860543,t,p,70.98297922820647,68.29416946253303,-
?,,60.135960727835425,l,?,?,h,0.9314103277930599,t,f,54.277350215980405,t,p,67.71599579223208,90.34002408930235,-
?,,54.604993188276595,?,p,c,h,0.6833362812802138,t,f,95.67968245086307,f,s,58.70258819337626,23.11308636059981,+
b,45.0,59.03131723250685,u,p,cc,v,0.2624603114006834,t,f,15.38500553672768,t,g,72.0670323249132,8.60545446861012,-
a,60.0,93.46519527072206,l,g,?,bb,0.6450313345519502,t,f,47.849085989521846,t,g,42.19055562193205,5.546569726504935,+
?,45.0,0.8569210810740691,l,?,d,v,0.8485724095820462,t,t,53.76057067264131,t,g,84.52881080201297,87.78441504750248,+
?,45.0,4.779970965774927,u,p,cc,v,0.40163020833276863,f,f,49.19164197523768,f,g,69.63459560952808,97.32870499391821,-
?,45.0,19.149340993080234,y,p,d,?,0.8299575091561823,f,t,80.24182871787032,f,p,77.1253112379549,30.252654120471266,-
b,30.0,16.73013799931501,l,gg,cc,v,0.15441494433999237,t,f,67.0402891016364,f,s,79.24874221659796,69.35139235749692,-
b,60.0,18.119445946918265,u,p,i,?,0.822781364866168,f,f,12.665846591826169,t,s,9.207004570890254,0.89127841717489,+
b,30.0,67.19438858486501,l,g,?,bb,0.5402942426723664,t,f,34.645130734306036,t,g,5.564077268773793,18.863151011598777,+
?,30.0,45.94833010501653,?,?,d,v,0.2229744880099821,f,t,33.90768483868863,f,s,80.09858684847359,68.92743824616144,+
b,,99.17788783346931,l,?,cc,v,0.4071413845559114,t,f,56.563219279292866,t,p,25.93840210382462,6.588713931523282,-
?,45.0,22.688591480294484,u,gg,d,h,0.9879929924466168,t,t,29.145841765789694,f,g,58.19698075118143,46.85100499198245,+
a,45.0,31.083010102749466,l,?,cc,v,0.7835560166424261,f,t,11.72717695539106,f,p,44.37108552189862,66.25832643739489,+
?,30.0,98.4240716801649,?,g,cc,h,0.5750863613851153,f,f,65.36826656571354,t,p,2.2039203667634233,76.59581713055174,+
b,,83.1758140802247,?,p,c,h,0.11516391190452557,f,t,85.10369385350225,t,p,4.028125816627148,45.38159137243704,+
a,,46.97992206785327,l,gg,c,h,0.4178115829015002,f,f,93.16080954659239,t,p,82.71252422787957,63.0284039496343,-
?,,55.459688554598976,l,?,c,bb,0.26305151401193727,f,t,97.25784176594759,t,p,60.76775614887239,53.95756295620613,+
a,60.0,84.31779206528405,?,gg,d,?,0.07100107950539025,f,t,78.1116846209014,f,g,52.38430787368449,5.23057720833211,-
a,30.0,48.098024604632805,?,gg,i,h,0.542204388719315,f,t,13.970242829190216,f,p,94.43520834717502,74.28046872598465,-
a,60.0,20.60237235820843,y,?,cc,v,0.8891856998408761,f,t,85.31118242367245,f,g,17.311502592884487,17.236191588537498,+
?,,82.84445385543854,y,gg,?,v,0.6755998681741251,t,f,39.996007338247395,f,s,25.797083965879853,3.1805531233841333,+
b,,53.77724912756434,?,?,c,h,0.24968038798051118,f,t,72.99113137923636,f,p,75.67390782356273,45.11679162883723,-
?,,15.304259716382129,l,g,d,h,0.5735846069537891,f,f,53.12680049608358,f,p,77.52352279579294,86.56375872815103,+
b,45.0,50.558583118439756,u,?,d,v,0.9432342833469689,t,t,82.86061336487836,t,s,40.489719643916445,15.082943766102863,-
?,30.0,41.32033805968588,l,p,d,h,0.7229150529229353,t,f,42.55057328396886,f,g,95.097843464376,1.285753411697499,+
?,45.0,87.6842531881758,l,?,?,?,0.689473899406764,t,f,6.179381074002077,t,p,93.82545777151707,10.997923576541712,+
?,60.0,12.605543136070342,y,p,?,?,0.9681581662275163,t,t,55.68237108824709,t,s,1.2409715060159532,36.36591143316067,-
